[
{
    "pk": 1, 
    "model": "auth.permission", 
    "fields": {
        "codename": "add_logentry", 
        "name": "Can add log entry", 
        "content_type": 1
    }
},
{
    "pk": 2, 
    "model": "auth.permission", 
    "fields": {
        "codename": "change_logentry", 
        "name": "Can change log entry", 
        "content_type": 1
    }
},
{
    "pk": 3, 
    "model": "auth.permission", 
    "fields": {
        "codename": "delete_logentry", 
        "name": "Can delete log entry", 
        "content_type": 1
    }
},
{
    "pk": 4, 
    "model": "auth.permission", 
    "fields": {
        "codename": "add_permission", 
        "name": "Can add permission", 
        "content_type": 2
    }
},
{
    "pk": 5, 
    "model": "auth.permission", 
    "fields": {
        "codename": "change_permission", 
        "name": "Can change permission", 
        "content_type": 2
    }
},
{
    "pk": 6, 
    "model": "auth.permission", 
    "fields": {
        "codename": "delete_permission", 
        "name": "Can delete permission", 
        "content_type": 2
    }
},
{
    "pk": 7, 
    "model": "auth.permission", 
    "fields": {
        "codename": "add_group", 
        "name": "Can add group", 
        "content_type": 3
    }
},
{
    "pk": 8, 
    "model": "auth.permission", 
    "fields": {
        "codename": "change_group", 
        "name": "Can change group", 
        "content_type": 3
    }
},
{
    "pk": 9, 
    "model": "auth.permission", 
    "fields": {
        "codename": "delete_group", 
        "name": "Can delete group", 
        "content_type": 3
    }
},
{
    "pk": 10, 
    "model": "auth.permission", 
    "fields": {
        "codename": "add_user", 
        "name": "Can add user", 
        "content_type": 4
    }
},
{
    "pk": 11, 
    "model": "auth.permission", 
    "fields": {
        "codename": "change_user", 
        "name": "Can change user", 
        "content_type": 4
    }
},
{
    "pk": 12, 
    "model": "auth.permission", 
    "fields": {
        "codename": "delete_user", 
        "name": "Can delete user", 
        "content_type": 4
    }
},
{
    "pk": 13, 
    "model": "auth.permission", 
    "fields": {
        "codename": "add_contenttype", 
        "name": "Can add content type", 
        "content_type": 5
    }
},
{
    "pk": 14, 
    "model": "auth.permission", 
    "fields": {
        "codename": "change_contenttype", 
        "name": "Can change content type", 
        "content_type": 5
    }
},
{
    "pk": 15, 
    "model": "auth.permission", 
    "fields": {
        "codename": "delete_contenttype", 
        "name": "Can delete content type", 
        "content_type": 5
    }
},
{
    "pk": 16, 
    "model": "auth.permission", 
    "fields": {
        "codename": "add_session", 
        "name": "Can add session", 
        "content_type": 6
    }
},
{
    "pk": 17, 
    "model": "auth.permission", 
    "fields": {
        "codename": "change_session", 
        "name": "Can change session", 
        "content_type": 6
    }
},
{
    "pk": 18, 
    "model": "auth.permission", 
    "fields": {
        "codename": "delete_session", 
        "name": "Can delete session", 
        "content_type": 6
    }
},
{
    "pk": 19, 
    "model": "auth.permission", 
    "fields": {
        "codename": "add_discussion", 
        "name": "Can add discussion", 
        "content_type": 7
    }
},
{
    "pk": 20, 
    "model": "auth.permission", 
    "fields": {
        "codename": "change_discussion", 
        "name": "Can change discussion", 
        "content_type": 7
    }
},
{
    "pk": 21, 
    "model": "auth.permission", 
    "fields": {
        "codename": "delete_discussion", 
        "name": "Can delete discussion", 
        "content_type": 7
    }
},
{
    "pk": 22, 
    "model": "auth.permission", 
    "fields": {
        "codename": "add_feedback", 
        "name": "Can add feedback", 
        "content_type": 8
    }
},
{
    "pk": 23, 
    "model": "auth.permission", 
    "fields": {
        "codename": "change_feedback", 
        "name": "Can change feedback", 
        "content_type": 8
    }
},
{
    "pk": 24, 
    "model": "auth.permission", 
    "fields": {
        "codename": "delete_feedback", 
        "name": "Can delete feedback", 
        "content_type": 8
    }
},
{
    "pk": 25, 
    "model": "auth.permission", 
    "fields": {
        "codename": "add_decision", 
        "name": "Can add decision", 
        "content_type": 9
    }
},
{
    "pk": 26, 
    "model": "auth.permission", 
    "fields": {
        "codename": "change_decision", 
        "name": "Can change decision", 
        "content_type": 9
    }
},
{
    "pk": 27, 
    "model": "auth.permission", 
    "fields": {
        "codename": "delete_decision", 
        "name": "Can delete decision", 
        "content_type": 9
    }
},
{
    "pk": 28, 
    "model": "auth.permission", 
    "fields": {
        "codename": "add_vote", 
        "name": "Can add vote", 
        "content_type": 10
    }
},
{
    "pk": 29, 
    "model": "auth.permission", 
    "fields": {
        "codename": "change_vote", 
        "name": "Can change vote", 
        "content_type": 10
    }
},
{
    "pk": 30, 
    "model": "auth.permission", 
    "fields": {
        "codename": "delete_vote", 
        "name": "Can delete vote", 
        "content_type": 10
    }
},
{
    "pk": 31, 
    "model": "auth.permission", 
    "fields": {
        "codename": "add_task", 
        "name": "Can add task", 
        "content_type": 11
    }
},
{
    "pk": 32, 
    "model": "auth.permission", 
    "fields": {
        "codename": "change_task", 
        "name": "Can change task", 
        "content_type": 11
    }
},
{
    "pk": 33, 
    "model": "auth.permission", 
    "fields": {
        "codename": "delete_task", 
        "name": "Can delete task", 
        "content_type": 11
    }
},
{
    "pk": 34, 
    "model": "auth.permission", 
    "fields": {
        "codename": "add_migrationhistory", 
        "name": "Can add migration history", 
        "content_type": 12
    }
},
{
    "pk": 35, 
    "model": "auth.permission", 
    "fields": {
        "codename": "change_migrationhistory", 
        "name": "Can change migration history", 
        "content_type": 12
    }
},
{
    "pk": 36, 
    "model": "auth.permission", 
    "fields": {
        "codename": "delete_migrationhistory", 
        "name": "Can delete migration history", 
        "content_type": 12
    }
},
{
    "pk": 1, 
    "model": "auth.user", 
    "fields": {
        "username": "admin", 
        "first_name": "", 
        "last_name": "", 
        "is_active": true, 
        "is_superuser": true, 
        "is_staff": true, 
        "last_login": "2014-01-07T10:12:38.631Z", 
        "groups": [], 
        "user_permissions": [], 
        "password": "pbkdf2_sha256$12000$fZDPjOWtHwGL$yVOS+93t2MXNSuBeSrNEhQN6t4rPWVPoClfMGFbvdK4=", 
        "email": "tzahimanmobile@gmail.com", 
        "date_joined": "2014-01-06T00:34:27.553Z"
    }
},
{
    "pk": 2, 
    "model": "auth.user", 
    "fields": {
        "username": "hagai", 
        "first_name": "", 
        "last_name": "", 
        "is_active": true, 
        "is_superuser": false, 
        "is_staff": false, 
        "last_login": "2014-01-06T17:45:21.802Z", 
        "groups": [], 
        "user_permissions": [], 
        "password": "pbkdf2_sha256$12000$5ilDcPDjllZw$grJT78ZmrHvDJSz4MbO8B1kXD1DOEnvhc6F0eKslr/E=", 
        "email": "", 
        "date_joined": "2014-01-06T00:40:11.442Z"
    }
},
{
    "pk": 3, 
    "model": "auth.user", 
    "fields": {
        "username": "Tzahim", 
        "first_name": "\u05e6\u05d7\u05d9", 
        "last_name": "\u05de\u05e0\u05d9\u05e1\u05d8\u05e8\u05e1\u05e7\u05d9", 
        "is_active": true, 
        "is_superuser": true, 
        "is_staff": true, 
        "last_login": "2014-01-09T16:04:41.709Z", 
        "groups": [], 
        "user_permissions": [
            1, 
            2, 
            3, 
            7, 
            8, 
            9, 
            4, 
            5, 
            6, 
            10, 
            11, 
            12, 
            13, 
            14, 
            15, 
            25, 
            26, 
            27, 
            19, 
            20, 
            21, 
            22, 
            23, 
            24, 
            31, 
            32, 
            33, 
            28, 
            29, 
            30, 
            16, 
            17, 
            18, 
            34, 
            35, 
            36
        ], 
        "password": "pbkdf2_sha256$12000$1DkNwE0QSMdG$1YZKcgF12T/14rx1FteewJYdP5Yz9SXvVaCQjFKBM/E=", 
        "email": "tzahimanmobile@gmail.com", 
        "date_joined": "2014-01-06T00:40:23Z"
    }
},
{
    "pk": 4, 
    "model": "auth.user", 
    "fields": {
        "username": "janeta", 
        "first_name": "", 
        "last_name": "", 
        "is_active": true, 
        "is_superuser": false, 
        "is_staff": false, 
        "last_login": "2014-01-06T00:44:38.993Z", 
        "groups": [], 
        "user_permissions": [], 
        "password": "pbkdf2_sha256$12000$uhDZltmLHTrC$Ktk0eOCaQjQszH8728cE/Vsh8MX3EHiJA5BtAtdvJBY=", 
        "email": "", 
        "date_joined": "2014-01-06T00:40:39Z"
    }
},
{
    "pk": 5, 
    "model": "auth.user", 
    "fields": {
        "username": "SharonD", 
        "first_name": "", 
        "last_name": "", 
        "is_active": true, 
        "is_superuser": false, 
        "is_staff": false, 
        "last_login": "2014-01-06T18:12:23.753Z", 
        "groups": [], 
        "user_permissions": [], 
        "password": "pbkdf2_sha256$12000$EnZ6YBeD3Be6$Kjc54ryazXXY9poX7SXysHTbOhc3secJEpYJ9IptRKo=", 
        "email": "", 
        "date_joined": "2014-01-06T07:49:38Z"
    }
},
{
    "pk": 6, 
    "model": "auth.user", 
    "fields": {
        "username": "Michael", 
        "first_name": "", 
        "last_name": "", 
        "is_active": true, 
        "is_superuser": false, 
        "is_staff": false, 
        "last_login": "2014-01-08T10:25:23.166Z", 
        "groups": [], 
        "user_permissions": [], 
        "password": "pbkdf2_sha256$12000$UVcmn8IsNp3i$ZVvDFfsZpwmcd8zmpuS1TOv7wuyfF/UEoSp09o8F5TY=", 
        "email": "", 
        "date_joined": "2014-01-06T09:55:49.795Z"
    }
},
{
    "pk": 7, 
    "model": "auth.user", 
    "fields": {
        "username": "Yuval", 
        "first_name": "", 
        "last_name": "", 
        "is_active": true, 
        "is_superuser": false, 
        "is_staff": false, 
        "last_login": "2014-01-06T09:55:59.465Z", 
        "groups": [], 
        "user_permissions": [], 
        "password": "pbkdf2_sha256$12000$OGbPj1RyMomd$+nfSYJJouLuGwEOUN3tzFm2doZgVhCkb8dlbzB+o/vs=", 
        "email": "", 
        "date_joined": "2014-01-06T09:55:59.465Z"
    }
},
{
    "pk": 8, 
    "model": "auth.user", 
    "fields": {
        "username": "Jordan", 
        "first_name": "", 
        "last_name": "", 
        "is_active": true, 
        "is_superuser": false, 
        "is_staff": false, 
        "last_login": "2014-01-06T09:56:51Z", 
        "groups": [], 
        "user_permissions": [], 
        "password": "pbkdf2_sha256$12000$JKUzmeCVEY9m$pWt93ZAENmT+Nc+XlBDubG3KOd1f9aTublDP+f+u8Gs=", 
        "email": "", 
        "date_joined": "2014-01-06T09:56:51Z"
    }
},
{
    "pk": 9, 
    "model": "auth.user", 
    "fields": {
        "username": "ravid", 
        "first_name": "", 
        "last_name": "", 
        "is_active": true, 
        "is_superuser": false, 
        "is_staff": false, 
        "last_login": "2014-01-06T17:50:26.540Z", 
        "groups": [], 
        "user_permissions": [], 
        "password": "pbkdf2_sha256$12000$TU2d91kCQT4j$RGE8NvitYJ7IWCjdhj8c0tm2uxKvkoXbwlXeHakKXUc=", 
        "email": "", 
        "date_joined": "2014-01-06T17:47:02Z"
    }
},
{
    "pk": 10, 
    "model": "auth.user", 
    "fields": {
        "username": "asaf", 
        "first_name": "", 
        "last_name": "", 
        "is_active": true, 
        "is_superuser": false, 
        "is_staff": false, 
        "last_login": "2014-01-06T18:32:41.919Z", 
        "groups": [], 
        "user_permissions": [], 
        "password": "pbkdf2_sha256$12000$PRvF74uoUNpb$+Gi4+Cts+bsQQXIPf/gNJO39fMCF9UBLy4iwh7PrrOg=", 
        "email": "", 
        "date_joined": "2014-01-06T18:32:31Z"
    }
},
{
    "pk": 11, 
    "model": "auth.user", 
    "fields": {
        "username": "david", 
        "first_name": "", 
        "last_name": "", 
        "is_active": true, 
        "is_superuser": false, 
        "is_staff": false, 
        "last_login": "2014-01-06T18:46:51.810Z", 
        "groups": [], 
        "user_permissions": [], 
        "password": "pbkdf2_sha256$12000$q39wEQv6kucn$IdYzOxOFaIO0X+FHyGttDN1dwnunFlwnyRo9kLbVTcY=", 
        "email": "", 
        "date_joined": "2014-01-06T18:42:41Z"
    }
},
{
    "pk": 12, 
    "model": "auth.user", 
    "fields": {
        "username": "Test1", 
        "first_name": "First", 
        "last_name": "Last", 
        "is_active": true, 
        "is_superuser": false, 
        "is_staff": false, 
        "last_login": "2014-01-09T09:26:39.503Z", 
        "groups": [], 
        "user_permissions": [], 
        "password": "pbkdf2_sha256$12000$Cnsz9zRHhDx7$3llX7BJ8DFMiii2PRD+mqoC13sJFCYK96f1IRsG9GTg=", 
        "email": "tzahiman@yahoo.com", 
        "date_joined": "2014-01-09T09:25:54.209Z"
    }
},
{
    "pk": 13, 
    "model": "auth.user", 
    "fields": {
        "username": "polina", 
        "first_name": "polina", 
        "last_name": "sklyarevsky", 
        "is_active": true, 
        "is_superuser": false, 
        "is_staff": false, 
        "last_login": "2014-01-09T10:37:37.296Z", 
        "groups": [], 
        "user_permissions": [], 
        "password": "pbkdf2_sha256$12000$V6HRKUjVbGxr$sK+E0b3Rvx8ihx6f1oeIx7XLOOEjIGwK70XIuFCNZP8=", 
        "email": "polina@hasadna.org.il", 
        "date_joined": "2014-01-09T10:37:20.838Z"
    }
},
{
    "pk": 1, 
    "model": "coplay.discussion", 
    "fields": {
        "owner": 1, 
        "created_at": "2014-01-06T00:37:08.603Z", 
        "description": "no, to mars", 
        "updated_at": "2014-01-06T00:53:27.574Z", 
        "title": "my discussion"
    }
},
{
    "pk": 2, 
    "model": "coplay.discussion", 
    "fields": {
        "owner": 3, 
        "created_at": "2014-01-06T07:52:45.188Z", 
        "description": "I want to release www.kuterless.org.il tonight\r\nI need your help in :\r\n1) Deploy \r\n2) suffifient functionality for the website\r\n3) test the website", 
        "updated_at": "2014-01-09T07:10:17.752Z", 
        "title": "coplay over internet development"
    }
},
{
    "pk": 3, 
    "model": "coplay.discussion", 
    "fields": {
        "owner": 2, 
        "created_at": "2014-01-06T18:55:14.708Z", 
        "description": "list of requrments to the Kuterless application.\r\nplease add your suggestion  for requirements. ", 
        "updated_at": "2014-01-06T18:55:14.709Z", 
        "title": "requirments to add"
    }
},
{
    "pk": 4, 
    "model": "coplay.discussion", 
    "fields": {
        "owner": 2, 
        "created_at": "2014-01-06T18:55:14.711Z", 
        "description": "list of requrments to the Kuterless application.\r\nplease add your suggestion  for requirements. ", 
        "updated_at": "2014-01-06T18:55:14.711Z", 
        "title": "requirments to add"
    }
},
{
    "pk": 5, 
    "model": "coplay.discussion", 
    "fields": {
        "owner": 2, 
        "created_at": "2014-01-06T18:55:19.143Z", 
        "description": "list of requrments to the Kuterless application.\r\nplease add your suggestion  for requirements. ", 
        "updated_at": "2014-01-06T18:55:19.143Z", 
        "title": "requirments to add"
    }
},
{
    "pk": 6, 
    "model": "coplay.discussion", 
    "fields": {
        "owner": 3, 
        "created_at": "2014-01-09T16:04:56.348Z", 
        "description": "asdasdsa", 
        "updated_at": "2014-01-09T16:04:56.348Z", 
        "title": "asdasd"
    }
},
{
    "pk": 1, 
    "model": "coplay.feedback", 
    "fields": {
        "created_at": "2014-01-06T00:42:41.224Z", 
        "updated_at": "2014-01-06T00:42:41.224Z", 
        "content": "very good", 
        "user": 3, 
        "feedbabk_type": 1, 
        "discussion": 1
    }
},
{
    "pk": 2, 
    "model": "coplay.feedback", 
    "fields": {
        "created_at": "2014-01-06T00:42:56.285Z", 
        "updated_at": "2014-01-06T00:42:56.285Z", 
        "content": "i can help", 
        "user": 3, 
        "feedbabk_type": 2, 
        "discussion": 1
    }
},
{
    "pk": 3, 
    "model": "coplay.feedback", 
    "fields": {
        "created_at": "2014-01-06T00:43:18.326Z", 
        "updated_at": "2014-01-06T00:43:18.326Z", 
        "content": "you are not clear", 
        "user": 3, 
        "feedbabk_type": 3, 
        "discussion": 1
    }
},
{
    "pk": 4, 
    "model": "coplay.feedback", 
    "fields": {
        "created_at": "2014-01-06T00:45:35.638Z", 
        "updated_at": "2014-01-06T00:45:35.638Z", 
        "content": "this is my advice", 
        "user": 4, 
        "feedbabk_type": 4, 
        "discussion": 1
    }
},
{
    "pk": 5, 
    "model": "coplay.feedback", 
    "fields": {
        "created_at": "2014-01-06T00:52:57.657Z", 
        "updated_at": "2014-01-06T00:52:57.658Z", 
        "content": "i also like it", 
        "user": 2, 
        "feedbabk_type": 1, 
        "discussion": 1
    }
},
{
    "pk": 6, 
    "model": "coplay.feedback", 
    "fields": {
        "created_at": "2014-01-06T07:57:31.912Z", 
        "updated_at": "2014-01-06T07:57:31.912Z", 
        "content": "Translate into hebrew", 
        "user": 5, 
        "feedbabk_type": 4, 
        "discussion": 2
    }
},
{
    "pk": 7, 
    "model": "coplay.feedback", 
    "fields": {
        "created_at": "2014-01-06T08:05:31.359Z", 
        "updated_at": "2014-01-06T08:05:31.360Z", 
        "content": "great idea", 
        "user": 5, 
        "feedbabk_type": 1, 
        "discussion": 2
    }
},
{
    "pk": 8, 
    "model": "coplay.feedback", 
    "fields": {
        "created_at": "2014-01-06T08:22:39.125Z", 
        "updated_at": "2014-01-06T08:22:39.125Z", 
        "content": "make a better design", 
        "user": 5, 
        "feedbabk_type": 3, 
        "discussion": 2
    }
},
{
    "pk": 9, 
    "model": "coplay.feedback", 
    "fields": {
        "created_at": "2014-01-06T09:24:22.394Z", 
        "updated_at": "2014-01-06T09:24:22.394Z", 
        "content": "\u05e9\u05d9\u05ea\u05d5\u05e3 \u05e4\u05e2\u05d5\u05dc\u05d4", 
        "user": 5, 
        "feedbabk_type": 2, 
        "discussion": 2
    }
},
{
    "pk": 10, 
    "model": "coplay.feedback", 
    "fields": {
        "created_at": "2014-01-06T09:37:06.086Z", 
        "updated_at": "2014-01-06T09:37:06.086Z", 
        "content": "good job", 
        "user": 5, 
        "feedbabk_type": 1, 
        "discussion": 2
    }
},
{
    "pk": 11, 
    "model": "coplay.feedback", 
    "fields": {
        "created_at": "2014-01-06T13:25:55.308Z", 
        "updated_at": "2014-01-06T13:25:55.308Z", 
        "content": "very good :)", 
        "user": 5, 
        "feedbabk_type": 1, 
        "discussion": 2
    }
},
{
    "pk": 12, 
    "model": "coplay.feedback", 
    "fields": {
        "created_at": "2014-01-06T14:26:17.366Z", 
        "updated_at": "2014-01-06T14:26:17.366Z", 
        "content": "i can help", 
        "user": 5, 
        "feedbabk_type": 2, 
        "discussion": 1
    }
},
{
    "pk": 13, 
    "model": "coplay.feedback", 
    "fields": {
        "created_at": "2014-01-06T17:58:11.234Z", 
        "updated_at": "2014-01-06T17:58:11.234Z", 
        "content": "very good", 
        "user": 2, 
        "feedbabk_type": 1, 
        "discussion": 2
    }
},
{
    "pk": 14, 
    "model": "coplay.feedback", 
    "fields": {
        "created_at": "2014-01-06T18:54:21.211Z", 
        "updated_at": "2014-01-06T18:54:21.211Z", 
        "content": "well done", 
        "user": 10, 
        "feedbabk_type": 1, 
        "discussion": 2
    }
},
{
    "pk": 15, 
    "model": "coplay.feedback", 
    "fields": {
        "created_at": "2014-01-08T09:39:58.328Z", 
        "updated_at": "2014-01-08T09:39:58.328Z", 
        "content": "I will help you :) ", 
        "user": 6, 
        "feedbabk_type": 1, 
        "discussion": 2
    }
},
{
    "pk": 1, 
    "model": "coplay.decision", 
    "fields": {
        "content": "eat krembo from top", 
        "value": 19, 
        "created_at": "2014-01-06T00:37:41.784Z", 
        "updated_at": "2014-01-06T14:27:07.133Z", 
        "parent": 1
    }
},
{
    "pk": 2, 
    "model": "coplay.decision", 
    "fields": {
        "content": "from buttom", 
        "value": 9, 
        "created_at": "2014-01-06T00:37:50.801Z", 
        "updated_at": "2014-01-06T01:01:04.775Z", 
        "parent": 1
    }
},
{
    "pk": 3, 
    "model": "coplay.decision", 
    "fields": {
        "content": "translate to hebrew", 
        "value": 1, 
        "created_at": "2014-01-06T07:59:32.163Z", 
        "updated_at": "2014-01-06T09:36:20.443Z", 
        "parent": 2
    }
},
{
    "pk": 4, 
    "model": "coplay.decision", 
    "fields": {
        "content": "deploy to heroku", 
        "value": 0, 
        "created_at": "2014-01-06T08:09:52.305Z", 
        "updated_at": "2014-01-06T08:09:52.305Z", 
        "parent": 2
    }
},
{
    "pk": 5, 
    "model": "coplay.decision", 
    "fields": {
        "content": "search for items by user, date, etc", 
        "value": 0, 
        "created_at": "2014-01-06T08:10:42.399Z", 
        "updated_at": "2014-01-06T08:10:42.399Z", 
        "parent": 2
    }
},
{
    "pk": 6, 
    "model": "coplay.decision", 
    "fields": {
        "content": "add users database info", 
        "value": 0, 
        "created_at": "2014-01-06T08:11:14.725Z", 
        "updated_at": "2014-01-06T08:11:14.725Z", 
        "parent": 2
    }
},
{
    "pk": 7, 
    "model": "coplay.decision", 
    "fields": {
        "content": "ass south support", 
        "value": 0, 
        "created_at": "2014-01-06T08:17:51.675Z", 
        "updated_at": "2014-01-06T08:17:51.675Z", 
        "parent": 2
    }
},
{
    "pk": 8, 
    "model": "coplay.decision", 
    "fields": {
        "content": "do an ajax ui", 
        "value": 0, 
        "created_at": "2014-01-06T09:34:47.810Z", 
        "updated_at": "2014-01-06T09:34:47.810Z", 
        "parent": 2
    }
},
{
    "pk": 9, 
    "model": "coplay.decision", 
    "fields": {
        "content": "an angular ui", 
        "value": 5, 
        "created_at": "2014-01-06T09:44:28.125Z", 
        "updated_at": "2014-01-08T09:48:59.956Z", 
        "parent": 2
    }
},
{
    "pk": 10, 
    "model": "coplay.decision", 
    "fields": {
        "content": "google analytics. mark an eventfrom javascript.", 
        "value": 3, 
        "created_at": "2014-01-06T09:47:16.281Z", 
        "updated_at": "2014-01-06T18:01:34.008Z", 
        "parent": 2
    }
},
{
    "pk": 11, 
    "model": "coplay.decision", 
    "fields": {
        "content": "database for views", 
        "value": 16, 
        "created_at": "2014-01-06T09:48:07.113Z", 
        "updated_at": "2014-01-08T10:16:52.864Z", 
        "parent": 2
    }
},
{
    "pk": 1, 
    "model": "coplay.vote", 
    "fields": {
        "voater": 3, 
        "decision": 2, 
        "created_at": "2014-01-06T00:41:56.073Z", 
        "value": 2, 
        "updated_at": "2014-01-06T00:41:56.073Z"
    }
},
{
    "pk": 2, 
    "model": "coplay.vote", 
    "fields": {
        "voater": 3, 
        "decision": 1, 
        "created_at": "2014-01-06T00:42:00.824Z", 
        "value": 5, 
        "updated_at": "2014-01-06T00:42:00.824Z"
    }
},
{
    "pk": 3, 
    "model": "coplay.vote", 
    "fields": {
        "voater": 4, 
        "decision": 2, 
        "created_at": "2014-01-06T00:44:58.877Z", 
        "value": 2, 
        "updated_at": "2014-01-06T01:01:04.756Z"
    }
},
{
    "pk": 4, 
    "model": "coplay.vote", 
    "fields": {
        "voater": 4, 
        "decision": 1, 
        "created_at": "2014-01-06T00:45:07.917Z", 
        "value": 4, 
        "updated_at": "2014-01-06T01:01:16.806Z"
    }
},
{
    "pk": 5, 
    "model": "coplay.vote", 
    "fields": {
        "voater": 2, 
        "decision": 2, 
        "created_at": "2014-01-06T00:52:24.588Z", 
        "value": 5, 
        "updated_at": "2014-01-06T01:00:31.178Z"
    }
},
{
    "pk": 6, 
    "model": "coplay.vote", 
    "fields": {
        "voater": 2, 
        "decision": 1, 
        "created_at": "2014-01-06T00:52:30.257Z", 
        "value": 5, 
        "updated_at": "2014-01-06T01:00:38.098Z"
    }
},
{
    "pk": 7, 
    "model": "coplay.vote", 
    "fields": {
        "voater": 5, 
        "decision": 3, 
        "created_at": "2014-01-06T07:59:46.074Z", 
        "value": 1, 
        "updated_at": "2014-01-06T09:36:20.424Z"
    }
},
{
    "pk": 8, 
    "model": "coplay.vote", 
    "fields": {
        "voater": 5, 
        "decision": 11, 
        "created_at": "2014-01-06T13:26:29.795Z", 
        "value": 1, 
        "updated_at": "2014-01-06T13:26:29.795Z"
    }
},
{
    "pk": 9, 
    "model": "coplay.vote", 
    "fields": {
        "voater": 5, 
        "decision": 1, 
        "created_at": "2014-01-06T14:27:07.119Z", 
        "value": 5, 
        "updated_at": "2014-01-06T14:27:07.119Z"
    }
},
{
    "pk": 10, 
    "model": "coplay.vote", 
    "fields": {
        "voater": 1, 
        "decision": 11, 
        "created_at": "2014-01-06T14:34:22.126Z", 
        "value": 5, 
        "updated_at": "2014-01-06T14:34:22.127Z"
    }
},
{
    "pk": 11, 
    "model": "coplay.vote", 
    "fields": {
        "voater": 9, 
        "decision": 11, 
        "created_at": "2014-01-06T17:52:51.781Z", 
        "value": 5, 
        "updated_at": "2014-01-06T17:52:51.781Z"
    }
},
{
    "pk": 12, 
    "model": "coplay.vote", 
    "fields": {
        "voater": 2, 
        "decision": 10, 
        "created_at": "2014-01-06T18:01:33.997Z", 
        "value": 3, 
        "updated_at": "2014-01-06T18:01:33.998Z"
    }
},
{
    "pk": 13, 
    "model": "coplay.vote", 
    "fields": {
        "voater": 6, 
        "decision": 9, 
        "created_at": "2014-01-08T09:48:59.941Z", 
        "value": 5, 
        "updated_at": "2014-01-08T09:48:59.941Z"
    }
},
{
    "pk": 14, 
    "model": "coplay.vote", 
    "fields": {
        "voater": 6, 
        "decision": 11, 
        "created_at": "2014-01-08T10:16:52.746Z", 
        "value": 5, 
        "updated_at": "2014-01-08T10:16:52.747Z"
    }
},
{
    "pk": 1, 
    "model": "coplay.task", 
    "fields": {
        "status": 3, 
        "parent": 1, 
        "target_date": "2014-01-06T01:40:00Z", 
        "created_at": "2014-01-06T00:48:40.364Z", 
        "responsible": 1, 
        "updated_at": "2014-01-06T14:30:02.889Z", 
        "closed_at": null, 
        "goal_description": "a goal", 
        "status_description": "a new status", 
        "closed_by": null
    }
},
{
    "pk": 2, 
    "model": "coplay.task", 
    "fields": {
        "status": 2, 
        "parent": 2, 
        "target_date": "2014-01-08T00:00:00Z", 
        "created_at": "2014-01-06T08:00:56.567Z", 
        "responsible": 3, 
        "updated_at": "2014-01-06T08:08:52.465Z", 
        "closed_at": "2014-01-06T08:08:52.464Z", 
        "goal_description": "Add a hebrew support", 
        "status_description": "this is the version with hebrw , please test", 
        "closed_by": 5
    }
},
{
    "pk": 3, 
    "model": "coplay.task", 
    "fields": {
        "status": 3, 
        "parent": 2, 
        "target_date": "2014-01-06T08:06:00Z", 
        "created_at": "2014-01-06T08:04:36.382Z", 
        "responsible": 5, 
        "updated_at": "2014-01-06T08:06:48.330Z", 
        "closed_at": null, 
        "goal_description": "shal never achived", 
        "status_description": null, 
        "closed_by": null
    }
},
{
    "pk": 4, 
    "model": "coplay.task", 
    "fields": {
        "status": 2, 
        "parent": 2, 
        "target_date": "2014-01-06T22:00:00Z", 
        "created_at": "2014-01-06T08:20:06.293Z", 
        "responsible": 3, 
        "updated_at": "2014-01-06T09:26:37.555Z", 
        "closed_at": "2014-01-06T09:26:37.554Z", 
        "goal_description": "deploy to heroku", 
        "status_description": "maybe late", 
        "closed_by": 5
    }
},
{
    "pk": 5, 
    "model": "coplay.task", 
    "fields": {
        "status": 1, 
        "parent": 2, 
        "target_date": "2024-01-02T00:00:00Z", 
        "created_at": "2014-01-06T13:28:06.192Z", 
        "responsible": 5, 
        "updated_at": "2014-01-06T13:28:06.192Z", 
        "closed_at": null, 
        "goal_description": "starting status example", 
        "status_description": null, 
        "closed_by": null
    }
},
{
    "pk": 6, 
    "model": "coplay.task", 
    "fields": {
        "status": 1, 
        "parent": 2, 
        "target_date": "2014-01-10T00:00:00Z", 
        "created_at": "2014-01-07T08:57:06.621Z", 
        "responsible": 3, 
        "updated_at": "2014-01-08T10:11:08.418Z", 
        "closed_at": null, 
        "goal_description": "www.kuterless.org.il\r\n\u05d9\u05d5\u05e6\u05d0 \u05dc\u05d3\u05e8\u05da\r\n\r\n\r\n", 
        "status_description": "\u05de\u05d9\u05db\u05d0\u05dc \u05e8\u05e5 \u05e2\u05dd \u05d4\u05d0\u05e0\u05d2\u05d5\u05dc\u05e8", 
        "closed_by": null
    }
}
]
