[{"pk": 1, "model": "contenttypes.contenttype", "fields": {"model": "logentry", "name": "log entry", "app_label": "admin"}}, {"pk": 2, "model": "contenttypes.contenttype", "fields": {"model": "permission", "name": "permission", "app_label": "auth"}}, {"pk": 3, "model": "contenttypes.contenttype", "fields": {"model": "group", "name": "group", "app_label": "auth"}}, {"pk": 4, "model": "contenttypes.contenttype", "fields": {"model": "user", "name": "user", "app_label": "auth"}}, {"pk": 5, "model": "contenttypes.contenttype", "fields": {"model": "contenttype", "name": "content type", "app_label": "contenttypes"}}, {"pk": 6, "model": "contenttypes.contenttype", "fields": {"model": "session", "name": "session", "app_label": "sessions"}}, {"pk": 7, "model": "contenttypes.contenttype", "fields": {"model": "migrationhistory", "name": "migration history", "app_label": "south"}}, {"pk": 8, "model": "contenttypes.contenttype", "fields": {"model": "discussion", "name": "discussion", "app_label": "coplay"}}, {"pk": 9, "model": "contenttypes.contenttype", "fields": {"model": "feedback", "name": "feedback", "app_label": "coplay"}}, {"pk": 10, "model": "contenttypes.contenttype", "fields": {"model": "decision", "name": "decision", "app_label": "coplay"}}, {"pk": 11, "model": "contenttypes.contenttype", "fields": {"model": "vote", "name": "vote", "app_label": "coplay"}}, {"pk": 12, "model": "contenttypes.contenttype", "fields": {"model": "task", "name": "task", "app_label": "coplay"}}, {"pk": "1gu5fanatv7e24bz3k7lj0shpwxqkj1c", "model": "sessions.session", "fields": {"expire_date": "2014-02-12T08:35:33.981Z", "session_data": "MWI1OGM0OWUzZTBhNTg1NTU3ZjZjODYzNmRjYzMwNWIzOTA4NDBiMDp7Il9hdXRoX3VzZXJfYmFja2VuZCI6ImRqYW5nby5jb250cmliLmF1dGguYmFja2VuZHMuTW9kZWxCYWNrZW5kIiwiX2F1dGhfdXNlcl9pZCI6NDR9"}}, {"pk": "1ku4znmsz9cgo4t4qzhjkgrnjcmdqk4m", "model": "sessions.session", "fields": {"expire_date": "2014-01-26T14:16:11.621Z", "session_data": "NjgzMGRmMjIzNmIzYTQ0ZGNjYzY4YWE2YTE3NGViNjViM2ViYjY4ZDp7fQ=="}}, {"pk": "2axoszmuxc4xo4597vslm8muw4m9lfwv", "model": "sessions.session", "fields": {"expire_date": "2014-02-03T13:46:37.285Z", "session_data": "MmQyYTA0ODlmYmNlZTcwODIzOTczZDZkY2I2YzZhMTgyOTdjZDE3Zjp7Il9hdXRoX3VzZXJfYmFja2VuZCI6ImRqYW5nby5jb250cmliLmF1dGguYmFja2VuZHMuTW9kZWxCYWNrZW5kIiwiX2F1dGhfdXNlcl9pZCI6Mzd9"}}, {"pk": "2jh9jbrevby1dqf0bt21rmj8gu5v36i0", "model": "sessions.session", "fields": {"expire_date": "2014-01-28T15:41:48.049Z", "session_data": "OTg5YmYxOGFjM2Y5OWQ0MWNkOTQ5NDE5ZThlNjc4NDQwNmM3MDVmODp7Il9hdXRoX3VzZXJfaWQiOjMwLCJfYXV0aF91c2VyX2JhY2tlbmQiOiJkamFuZ28uY29udHJpYi5hdXRoLmJhY2tlbmRzLk1vZGVsQmFja2VuZCJ9"}}, {"pk": "3ei5zbzuxcn1e870xng66p53969nm15z", "model": "sessions.session", "fields": {"expire_date": "2014-02-10T16:31:31.284Z", "session_data": "YmY0MzU4YzlmNDE2OGM2NzExZmU3MDhiYjJmM2NjZGMxMTAzYjE2Mjp7Il9hdXRoX3VzZXJfYmFja2VuZCI6ImRqYW5nby5jb250cmliLmF1dGguYmFja2VuZHMuTW9kZWxCYWNrZW5kIiwiX2F1dGhfdXNlcl9pZCI6NDB9"}}, {"pk": "4x6ktdpc01h3332ta9rnorfcvw9xhqn9", "model": "sessions.session", "fields": {"expire_date": "2014-01-28T18:15:13.452Z", "session_data": "ZDExOGZhNzRiNzMxNjk5Njk5OWU2MDg1OWI5MTAxZmNiZDYyNjQ3YTp7Il9hdXRoX3VzZXJfYmFja2VuZCI6ImRqYW5nby5jb250cmliLmF1dGguYmFja2VuZHMuTW9kZWxCYWNrZW5kIiwiX2F1dGhfdXNlcl9pZCI6Mn0="}}, {"pk": "5o46xbfnrt6z7n1fg5lbqb82pfv1o67u", "model": "sessions.session", "fields": {"expire_date": "2014-01-26T12:32:21.426Z", "session_data": "NjgzMGRmMjIzNmIzYTQ0ZGNjYzY4YWE2YTE3NGViNjViM2ViYjY4ZDp7fQ=="}}, {"pk": "5t0h6yc3kfwfdq88ldn5a43h2r10kkyv", "model": "sessions.session", "fields": {"expire_date": "2014-02-14T10:15:53.770Z", "session_data": "NTFkMDdjYTNiZWEzNDEwMjViOTg0NmNhMzk2ZjgxOTI3YzE1MmVkMzp7Il9hdXRoX3VzZXJfYmFja2VuZCI6ImRqYW5nby5jb250cmliLmF1dGguYmFja2VuZHMuTW9kZWxCYWNrZW5kIiwiX2F1dGhfdXNlcl9pZCI6M30="}}, {"pk": "6bapdkxt4tk084gcqw6os0h7px6ffho6", "model": "sessions.session", "fields": {"expire_date": "2014-01-26T14:06:56.982Z", "session_data": "NjgzMGRmMjIzNmIzYTQ0ZGNjYzY4YWE2YTE3NGViNjViM2ViYjY4ZDp7fQ=="}}, {"pk": "6oln66ssnzukob3iccp9exxw72u3qkc3", "model": "sessions.session", "fields": {"expire_date": "2014-01-29T18:30:59.874Z", "session_data": "YmExMjExYzkyODcwOGNjY2E2NmYwY2M0MGUwMDYzNWY2YzFlYmMwOTp7Il9hdXRoX3VzZXJfYmFja2VuZCI6ImRqYW5nby5jb250cmliLmF1dGguYmFja2VuZHMuTW9kZWxCYWNrZW5kIiwiX2F1dGhfdXNlcl9pZCI6MzR9"}}, {"pk": "6wpmjwq2edddpk0ke61d4gapygl1i5q9", "model": "sessions.session", "fields": {"expire_date": "2014-01-31T22:51:37.695Z", "session_data": "NTFkMDdjYTNiZWEzNDEwMjViOTg0NmNhMzk2ZjgxOTI3YzE1MmVkMzp7Il9hdXRoX3VzZXJfYmFja2VuZCI6ImRqYW5nby5jb250cmliLmF1dGguYmFja2VuZHMuTW9kZWxCYWNrZW5kIiwiX2F1dGhfdXNlcl9pZCI6M30="}}, {"pk": "7abwf7nephrz7qwfqyymmxyr1gfxh2aq", "model": "sessions.session", "fields": {"expire_date": "2014-02-10T17:16:25.589Z", "session_data": "OTIxNjQ4YjQzMmQyZmZjNzE0NTIyNWRiNGJlMDgyYWQxNGVmMzZkZTp7Il9hdXRoX3VzZXJfYmFja2VuZCI6ImRqYW5nby5jb250cmliLmF1dGguYmFja2VuZHMuTW9kZWxCYWNrZW5kIiwiX2F1dGhfdXNlcl9pZCI6NDF9"}}, {"pk": "7t7xxcwc860t9p7crhutm8o8mke091aq", "model": "sessions.session", "fields": {"expire_date": "2014-01-26T15:30:22.619Z", "session_data": "NjgzMGRmMjIzNmIzYTQ0ZGNjYzY4YWE2YTE3NGViNjViM2ViYjY4ZDp7fQ=="}}, {"pk": "8gkwzdf3wa1d2pj0eyxmvyjtn85e7imn", "model": "sessions.session", "fields": {"expire_date": "2014-01-27T16:59:58.227Z", "session_data": "ZDc1MmJhZTE3ZWI5ODVjMDE0MzBlZjk2NGM3YWRjNjRkNzIzYjRjNjp7Il9hdXRoX3VzZXJfYmFja2VuZCI6ImRqYW5nby5jb250cmliLmF1dGguYmFja2VuZHMuTW9kZWxCYWNrZW5kIiwiX2F1dGhfdXNlcl9pZCI6OX0="}}, {"pk": "90v2pkoj2y8r7devy0ag4p9suaw1n9v3", "model": "sessions.session", "fields": {"expire_date": "2014-01-26T13:19:42.608Z", "session_data": "NjgzMGRmMjIzNmIzYTQ0ZGNjYzY4YWE2YTE3NGViNjViM2ViYjY4ZDp7fQ=="}}, {"pk": "9upjdsg5so4p2nonmxkwjru9kstb9tn7", "model": "sessions.session", "fields": {"expire_date": "2014-02-02T00:16:19.888Z", "session_data": "MTY4YzI1MjVkOWQzNzg5MTcxMzRkMjJjNDVlYWYwYTE0NTlkMTdhODp7Il9hdXRoX3VzZXJfYmFja2VuZCI6ImRqYW5nby5jb250cmliLmF1dGguYmFja2VuZHMuTW9kZWxCYWNrZW5kIiwiX2F1dGhfdXNlcl9pZCI6MTN9"}}, {"pk": "amolgwd3d64meo902k8ok0kq50pjsaip", "model": "sessions.session", "fields": {"expire_date": "2014-02-12T08:54:59.802Z", "session_data": "YTU1YTg1ODcyMTg1NDFhMTJhYmExODE4OWZiNWE5YTFhZjk0ZWUyMTp7Il9hdXRoX3VzZXJfYmFja2VuZCI6ImRqYW5nby5jb250cmliLmF1dGguYmFja2VuZHMuTW9kZWxCYWNrZW5kIiwiX2F1dGhfdXNlcl9pZCI6NDV9"}}, {"pk": "auq6353bn3s7wsybwvcwa9rmoytesg6f", "model": "sessions.session", "fields": {"expire_date": "2014-01-27T21:41:04.604Z", "session_data": "ODIxOTgyNzA5Y2UxMjllMDdmMzdjOWFjMmFiNTIxNDk3NTU1MDQ2Yjp7Il9hdXRoX3VzZXJfYmFja2VuZCI6ImRqYW5nby5jb250cmliLmF1dGguYmFja2VuZHMuTW9kZWxCYWNrZW5kIiwiX2F1dGhfdXNlcl9pZCI6MzJ9"}}, {"pk": "axdq47ht6ps9dooa1t7m45aydnoymbef", "model": "sessions.session", "fields": {"expire_date": "2014-02-06T13:44:49.957Z", "session_data": "YjRhZGFjMzA1MjhiZjkyZDQ0ZGM5YmEwNzUwMDI2ZmJiN2NhMjIyNTp7Il9hdXRoX3VzZXJfYmFja2VuZCI6ImRqYW5nby5jb250cmliLmF1dGguYmFja2VuZHMuTW9kZWxCYWNrZW5kIiwiX2F1dGhfdXNlcl9pZCI6Mzh9"}}, {"pk": "b27jiuudayyh6xnd44vbqmof3f9l74i4", "model": "sessions.session", "fields": {"expire_date": "2014-01-27T15:58:16.862Z", "session_data": "NjgzMGRmMjIzNmIzYTQ0ZGNjYzY4YWE2YTE3NGViNjViM2ViYjY4ZDp7fQ=="}}, {"pk": "bgj3m6tyt5qnbrncvirxwsbmmxzk4kot", "model": "sessions.session", "fields": {"expire_date": "2014-01-28T10:03:27.153Z", "session_data": "ZDExOGZhNzRiNzMxNjk5Njk5OWU2MDg1OWI5MTAxZmNiZDYyNjQ3YTp7Il9hdXRoX3VzZXJfYmFja2VuZCI6ImRqYW5nby5jb250cmliLmF1dGguYmFja2VuZHMuTW9kZWxCYWNrZW5kIiwiX2F1dGhfdXNlcl9pZCI6Mn0="}}, {"pk": "c6wdgcye9ugn3ynwu9gao7fmp6uy2qch", "model": "sessions.session", "fields": {"expire_date": "2014-02-10T14:59:33.246Z", "session_data": "NzQ0Zjg3NmVhYTRhYTMxYmZiY2U4NDQyNjQ3NjUyNjdhMzYwOGE2NTp7Il9hdXRoX3VzZXJfYmFja2VuZCI6ImRqYW5nby5jb250cmliLmF1dGguYmFja2VuZHMuTW9kZWxCYWNrZW5kIiwiX2F1dGhfdXNlcl9pZCI6Nn0="}}, {"pk": "go40jglbt63rr6bi0dbtg8h2o9dcbpyl", "model": "sessions.session", "fields": {"expire_date": "2014-02-12T16:04:10.094Z", "session_data": "NzlhZWE2NTE3YjhlMzk0MTYyZDk2OTJmYTYxYTRjNWQ5ZGI4YzUzYjp7Il9hdXRoX3VzZXJfYmFja2VuZCI6ImRqYW5nby5jb250cmliLmF1dGguYmFja2VuZHMuTW9kZWxCYWNrZW5kIiwiX2F1dGhfdXNlcl9pZCI6MzB9"}}, {"pk": "hdywy0blyq96mhp69sg44b0qi2lif67k", "model": "sessions.session", "fields": {"expire_date": "2014-02-10T19:03:18.077Z", "session_data": "NzQ0Zjg3NmVhYTRhYTMxYmZiY2U4NDQyNjQ3NjUyNjdhMzYwOGE2NTp7Il9hdXRoX3VzZXJfYmFja2VuZCI6ImRqYW5nby5jb250cmliLmF1dGguYmFja2VuZHMuTW9kZWxCYWNrZW5kIiwiX2F1dGhfdXNlcl9pZCI6Nn0="}}, {"pk": "hh3p5dfrh3lezn9oz45se3v7ar509p12", "model": "sessions.session", "fields": {"expire_date": "2014-01-26T14:06:01.467Z", "session_data": "NjgzMGRmMjIzNmIzYTQ0ZGNjYzY4YWE2YTE3NGViNjViM2ViYjY4ZDp7fQ=="}}, {"pk": "hr7iwn3uusmnse5keca8ehlj7gukgs76", "model": "sessions.session", "fields": {"expire_date": "2014-01-26T15:36:56.323Z", "session_data": "NjgzMGRmMjIzNmIzYTQ0ZGNjYzY4YWE2YTE3NGViNjViM2ViYjY4ZDp7fQ=="}}, {"pk": "in8jq8k3e719ip9tzukmfm0lr34a028k", "model": "sessions.session", "fields": {"expire_date": "2014-01-26T11:59:34.927Z", "session_data": "NGE1ZWFjMjg1NmFkZGJjYjAxNmI2MTY2NWQwOWU2ZmI3ODQ1ZTE4ZTp7Il9hdXRoX3VzZXJfYmFja2VuZCI6ImRqYW5nby5jb250cmliLmF1dGguYmFja2VuZHMuTW9kZWxCYWNrZW5kIiwiX2F1dGhfdXNlcl9pZCI6Mjh9"}}, {"pk": "j6aytxw8xevco94yy7xcpe5rjbortgqg", "model": "sessions.session", "fields": {"expire_date": "2014-01-27T16:36:10.847Z", "session_data": "ZDc1MmJhZTE3ZWI5ODVjMDE0MzBlZjk2NGM3YWRjNjRkNzIzYjRjNjp7Il9hdXRoX3VzZXJfYmFja2VuZCI6ImRqYW5nby5jb250cmliLmF1dGguYmFja2VuZHMuTW9kZWxCYWNrZW5kIiwiX2F1dGhfdXNlcl9pZCI6OX0="}}, {"pk": "kx2b0cmdgrz0jr4ohtxlc292ds1qdtbk", "model": "sessions.session", "fields": {"expire_date": "2014-01-27T18:28:50.261Z", "session_data": "ZTk5NjFjNTA4YTc2MzBjMDFkODQ0MTJkZWUxNTg4MTk4OGE3YTIzZDp7Il9hdXRoX3VzZXJfYmFja2VuZCI6ImRqYW5nby5jb250cmliLmF1dGguYmFja2VuZHMuTW9kZWxCYWNrZW5kIiwiX2F1dGhfdXNlcl9pZCI6MzF9"}}, {"pk": "lhpek770mtjrlllqg81thrf6phdwe1t2", "model": "sessions.session", "fields": {"expire_date": "2014-02-17T09:59:44.171Z", "session_data": "NzQ0Zjg3NmVhYTRhYTMxYmZiY2U4NDQyNjQ3NjUyNjdhMzYwOGE2NTp7Il9hdXRoX3VzZXJfYmFja2VuZCI6ImRqYW5nby5jb250cmliLmF1dGguYmFja2VuZHMuTW9kZWxCYWNrZW5kIiwiX2F1dGhfdXNlcl9pZCI6Nn0="}}, {"pk": "ln1azh8i3vl1ryjcqtsja73yq3lai9oz", "model": "sessions.session", "fields": {"expire_date": "2014-02-02T23:49:04.915Z", "session_data": "ZDc1MmJhZTE3ZWI5ODVjMDE0MzBlZjk2NGM3YWRjNjRkNzIzYjRjNjp7Il9hdXRoX3VzZXJfYmFja2VuZCI6ImRqYW5nby5jb250cmliLmF1dGguYmFja2VuZHMuTW9kZWxCYWNrZW5kIiwiX2F1dGhfdXNlcl9pZCI6OX0="}}, {"pk": "lqvfsimkiwe8s8bd5qg0vx9b2wp56dnz", "model": "sessions.session", "fields": {"expire_date": "2014-01-25T09:03:17.215Z", "session_data": "NTFkMDdjYTNiZWEzNDEwMjViOTg0NmNhMzk2ZjgxOTI3YzE1MmVkMzp7Il9hdXRoX3VzZXJfYmFja2VuZCI6ImRqYW5nby5jb250cmliLmF1dGguYmFja2VuZHMuTW9kZWxCYWNrZW5kIiwiX2F1dGhfdXNlcl9pZCI6M30="}}, {"pk": "mx66d61xcrfe15extqjm26uh2a6ole0y", "model": "sessions.session", "fields": {"expire_date": "2014-01-26T15:22:47.259Z", "session_data": "NjgzMGRmMjIzNmIzYTQ0ZGNjYzY4YWE2YTE3NGViNjViM2ViYjY4ZDp7fQ=="}}, {"pk": "nq09sjrfm9wi7kfqbmhnc11kysn0y8at", "model": "sessions.session", "fields": {"expire_date": "2014-01-26T14:15:34.064Z", "session_data": "NjgzMGRmMjIzNmIzYTQ0ZGNjYzY4YWE2YTE3NGViNjViM2ViYjY4ZDp7fQ=="}}, {"pk": "nv1a1yvwbjgcup8eharhdaq6rbeu6qno", "model": "sessions.session", "fields": {"expire_date": "2014-01-28T21:56:43.112Z", "session_data": "ZTY1NzI5Y2Q2NjkwMmI1MjE5ZWVkYjhjMWFiMDA1NzQzYjgxMjI4ZDp7Il9hdXRoX3VzZXJfYmFja2VuZCI6ImRqYW5nby5jb250cmliLmF1dGguYmFja2VuZHMuTW9kZWxCYWNrZW5kIiwiX2F1dGhfdXNlcl9pZCI6MzN9"}}, {"pk": "og3hgihiqv03qydznw09c4u0ugpew7z9", "model": "sessions.session", "fields": {"expire_date": "2014-02-03T19:11:18.700Z", "session_data": "NTFkMDdjYTNiZWEzNDEwMjViOTg0NmNhMzk2ZjgxOTI3YzE1MmVkMzp7Il9hdXRoX3VzZXJfYmFja2VuZCI6ImRqYW5nby5jb250cmliLmF1dGguYmFja2VuZHMuTW9kZWxCYWNrZW5kIiwiX2F1dGhfdXNlcl9pZCI6M30="}}, {"pk": "qhbwwqcd6r094kdxrjytv10nqbnzo59r", "model": "sessions.session", "fields": {"expire_date": "2014-01-25T08:57:33.004Z", "session_data": "ZjIwNDY0ZmYxNzUzMmM2MWI4NmY2YmFiZTY0NWMwMmNhNGQ2Y2M3OTp7Il9hdXRoX3VzZXJfYmFja2VuZCI6ImRqYW5nby5jb250cmliLmF1dGguYmFja2VuZHMuTW9kZWxCYWNrZW5kIiwiX2F1dGhfdXNlcl9pZCI6MTR9"}}, {"pk": "saw2r96sujwu75aldu60bh5k6wufabo5", "model": "sessions.session", "fields": {"expire_date": "2014-01-26T14:18:36.336Z", "session_data": "NjgzMGRmMjIzNmIzYTQ0ZGNjYzY4YWE2YTE3NGViNjViM2ViYjY4ZDp7fQ=="}}, {"pk": "sme28ryr0n34kohpzamiz3ei4on1j4b7", "model": "sessions.session", "fields": {"expire_date": "2014-02-17T14:08:38.482Z", "session_data": "NTFkMDdjYTNiZWEzNDEwMjViOTg0NmNhMzk2ZjgxOTI3YzE1MmVkMzp7Il9hdXRoX3VzZXJfYmFja2VuZCI6ImRqYW5nby5jb250cmliLmF1dGguYmFja2VuZHMuTW9kZWxCYWNrZW5kIiwiX2F1dGhfdXNlcl9pZCI6M30="}}, {"pk": "swjdvuigtc1qzdz18h32rqhh6tsou2ar", "model": "sessions.session", "fields": {"expire_date": "2014-02-11T10:23:13.520Z", "session_data": "ZDExOGZhNzRiNzMxNjk5Njk5OWU2MDg1OWI5MTAxZmNiZDYyNjQ3YTp7Il9hdXRoX3VzZXJfYmFja2VuZCI6ImRqYW5nby5jb250cmliLmF1dGguYmFja2VuZHMuTW9kZWxCYWNrZW5kIiwiX2F1dGhfdXNlcl9pZCI6Mn0="}}, {"pk": "t89zg00khf623dynyox1nbn01g0clbeh", "model": "sessions.session", "fields": {"expire_date": "2014-02-03T13:48:11.479Z", "session_data": "MmQyYTA0ODlmYmNlZTcwODIzOTczZDZkY2I2YzZhMTgyOTdjZDE3Zjp7Il9hdXRoX3VzZXJfYmFja2VuZCI6ImRqYW5nby5jb250cmliLmF1dGguYmFja2VuZHMuTW9kZWxCYWNrZW5kIiwiX2F1dGhfdXNlcl9pZCI6Mzd9"}}, {"pk": "trivnivtoc5hgz76n3hika0s33kset37", "model": "sessions.session", "fields": {"expire_date": "2014-01-27T17:06:05.433Z", "session_data": "MTE5Yjc5ZjI1YWNiMmI0ZWRjYWFmYzg0ODc2NGFmOThhZWIzOTJjOTp7Il9hdXRoX3VzZXJfYmFja2VuZCI6ImRqYW5nby5jb250cmliLmF1dGguYmFja2VuZHMuTW9kZWxCYWNrZW5kIiwiX2F1dGhfdXNlcl9pZCI6NH0="}}, {"pk": "v18zjgo5148khs9zaf78vsc6cv1hf9c6", "model": "sessions.session", "fields": {"expire_date": "2014-01-26T10:13:59.367Z", "session_data": "NjgzMGRmMjIzNmIzYTQ0ZGNjYzY4YWE2YTE3NGViNjViM2ViYjY4ZDp7fQ=="}}, {"pk": "vehsz7qg1kjpq3euc33oqr4mf2qz5e64", "model": "sessions.session", "fields": {"expire_date": "2014-02-07T17:59:08.633Z", "session_data": "ZTk5NjFjNTA4YTc2MzBjMDFkODQ0MTJkZWUxNTg4MTk4OGE3YTIzZDp7Il9hdXRoX3VzZXJfYmFja2VuZCI6ImRqYW5nby5jb250cmliLmF1dGguYmFja2VuZHMuTW9kZWxCYWNrZW5kIiwiX2F1dGhfdXNlcl9pZCI6MzF9"}}, {"pk": "wcoc0gcubznror2r0fm0l6tww6t86gxc", "model": "sessions.session", "fields": {"expire_date": "2014-01-30T12:02:11.202Z", "session_data": "YTIyYTc5ZGRiNWFkNjRlMTlkNTZlNThmZGMyYjdlYWFhMTkzZjQwYjp7Il9hdXRoX3VzZXJfYmFja2VuZCI6ImRqYW5nby5jb250cmliLmF1dGguYmFja2VuZHMuTW9kZWxCYWNrZW5kIiwiX2F1dGhfdXNlcl9pZCI6MzZ9"}}, {"pk": "wislkc2j5g3f9kr06nuh294tkin7rv7j", "model": "sessions.session", "fields": {"expire_date": "2014-01-27T16:37:22.675Z", "session_data": "ZDExOGZhNzRiNzMxNjk5Njk5OWU2MDg1OWI5MTAxZmNiZDYyNjQ3YTp7Il9hdXRoX3VzZXJfYmFja2VuZCI6ImRqYW5nby5jb250cmliLmF1dGguYmFja2VuZHMuTW9kZWxCYWNrZW5kIiwiX2F1dGhfdXNlcl9pZCI6Mn0="}}, {"pk": "wsef2534mjsf6pcuqaucw6f6kfe5wxsp", "model": "sessions.session", "fields": {"expire_date": "2014-01-27T17:15:24.229Z", "session_data": "YTQ3Y2E3ODE5M2I3OTQ1NWJiMzA4YTkwMjI2N2Y0Njc3Y2ExNTc2MDp7Il9hdXRoX3VzZXJfYmFja2VuZCI6ImRqYW5nby5jb250cmliLmF1dGguYmFja2VuZHMuTW9kZWxCYWNrZW5kIiwiX2F1dGhfdXNlcl9pZCI6Mjl9"}}, {"pk": "xhrg9hyiqnumqa41du0v0rnce3vp7sum", "model": "sessions.session", "fields": {"expire_date": "2014-01-27T09:53:09.594Z", "session_data": "NTFkMDdjYTNiZWEzNDEwMjViOTg0NmNhMzk2ZjgxOTI3YzE1MmVkMzp7Il9hdXRoX3VzZXJfYmFja2VuZCI6ImRqYW5nby5jb250cmliLmF1dGguYmFja2VuZHMuTW9kZWxCYWNrZW5kIiwiX2F1dGhfdXNlcl9pZCI6M30="}}, {"pk": "ycvpbcl8zdvqr0henke5e0iq3hxcsa32", "model": "sessions.session", "fields": {"expire_date": "2014-01-26T14:15:02.506Z", "session_data": "NjgzMGRmMjIzNmIzYTQ0ZGNjYzY4YWE2YTE3NGViNjViM2ViYjY4ZDp7fQ=="}}, {"pk": 1, "model": "south.migrationhistory", "fields": {"applied": "2014-01-09T19:32:06.480Z", "app_name": "django_extensions", "migration": "0001_empty"}}, {"pk": 2, "model": "south.migrationhistory", "fields": {"applied": "2014-01-09T19:32:07.295Z", "app_name": "coplay", "migration": "0001_initial"}}, {"pk": 1, "model": "coplay.decision", "fields": {"content": "eat krembo from top", "value": 19, "created_at": "2014-01-06T00:37:41.784Z", "updated_at": "2014-01-06T14:27:07.133Z", "parent": 1}}, {"pk": 2, "model": "coplay.decision", "fields": {"content": "from buttom", "value": 9, "created_at": "2014-01-06T00:37:50.801Z", "updated_at": "2014-01-06T01:01:04.775Z", "parent": 1}}, {"pk": 3, "model": "coplay.decision", "fields": {"content": "translate to hebrew", "value": 6, "created_at": "2014-01-06T07:59:32.163Z", "updated_at": "2014-01-13T15:57:48.616Z", "parent": 2}}, {"pk": 4, "model": "coplay.decision", "fields": {"content": "deploy to heroku", "value": 0, "created_at": "2014-01-06T08:09:52.305Z", "updated_at": "2014-01-06T08:09:52.305Z", "parent": 2}}, {"pk": 5, "model": "coplay.decision", "fields": {"content": "search for items by user, date, etc", "value": 0, "created_at": "2014-01-06T08:10:42.399Z", "updated_at": "2014-01-06T08:10:42.399Z", "parent": 2}}, {"pk": 6, "model": "coplay.decision", "fields": {"content": "add users database info", "value": 0, "created_at": "2014-01-06T08:11:14.725Z", "updated_at": "2014-01-06T08:11:14.725Z", "parent": 2}}, {"pk": 7, "model": "coplay.decision", "fields": {"content": "ass south support", "value": 0, "created_at": "2014-01-06T08:17:51.675Z", "updated_at": "2014-01-06T08:17:51.675Z", "parent": 2}}, {"pk": 8, "model": "coplay.decision", "fields": {"content": "do an ajax ui", "value": 0, "created_at": "2014-01-06T09:34:47.810Z", "updated_at": "2014-01-06T09:34:47.810Z", "parent": 2}}, {"pk": 9, "model": "coplay.decision", "fields": {"content": "an angular ui", "value": 5, "created_at": "2014-01-06T09:44:28.125Z", "updated_at": "2014-01-13T18:35:22.818Z", "parent": 2}}, {"pk": 10, "model": "coplay.decision", "fields": {"content": "google analytics. mark an eventfrom javascript.", "value": 8, "created_at": "2014-01-06T09:47:16.281Z", "updated_at": "2014-01-13T18:35:29.734Z", "parent": 2}}, {"pk": 11, "model": "coplay.decision", "fields": {"content": "database for views", "value": 19, "created_at": "2014-01-06T09:48:07.113Z", "updated_at": "2014-01-13T18:35:43.923Z", "parent": 2}}, {"pk": 12, "model": "coplay.decision", "fields": {"content": "\u05e1\u05e8\u05d8\u05d5\u05e0\u05d9\u05dd \u05e7\u05e6\u05e8\u05d9\u05dd \u05d9\u05db\u05d5\u05dc \u05dc\u05d0\u05e4\u05e9\u05e8 \u05dc\u05e0\u05d5 \u05dc\u05d4\u05ea\u05d7\u05d9\u05dc \u05d1\u05e7\u05d8\u05df. \u05d6\u05d4 \u05d2\u05dd \u05d9\u05d0\u05e4\u05e9\u05e8 \u05e7\u05d4\u05d9\u05dc\u05d4 \u05e4\u05ea\u05d5\u05d7\u05d4 \u05e9\u05d0\u05e0\u05e9\u05d9\u05dd \u05d9\u05db\u05d5\u05dc\u05d9\u05dd \u05dc\u05d4\u05d5\u05e1\u05d9\u05e3 \u05e1\u05e8\u05d8\u05d5\u05e0\u05d9\u05dd.", "value": 11, "created_at": "2014-01-13T17:14:05.139Z", "updated_at": "2014-01-13T17:24:54.361Z", "parent": 8}}, {"pk": 16, "model": "coplay.decision", "fields": {"content": "\u05d4\u05d7\u05dc\u05e4\u05ea \u05de\u05de\u05e9\u05e7 \u05d4\u05de\u05e9\u05ea\u05de\u05e9 \u05d1\u05de\u05de\u05e9\u05e7 \u05d0\u05d9\u05e0\u05d8\u05e8\u05d0\u05e7\u05d8\u05d9\u05d1\u05d9.", "value": 10, "created_at": "2014-01-14T21:19:01.190Z", "updated_at": "2014-01-23T10:39:09.625Z", "parent": 17}}, {"pk": 17, "model": "coplay.decision", "fields": {"content": "\u05d4\u05d5\u05e1\u05e4\u05ea \u05db\u05dc\u05d9\u05dd \u05dc\u05e9\u05d9\u05ea\u05d5\u05e3 \u05de\u05d9\u05d3\u05e2 \u05e2\u05dc \u05e4\u05e8\u05d5\u05d9\u05d9\u05e7\u05d8\u05d9\u05dd  (\u05db\u05de\u05d5 \u05d6\u05d4 \u05e9\u05dc \u05d5\u05d9\u05e7\u05d9\u05e4\u05d3\u05d9\u05d4)", "value": 9, "created_at": "2014-01-14T21:20:47.833Z", "updated_at": "2014-01-16T08:50:32.322Z", "parent": 17}}, {"pk": 18, "model": "coplay.decision", "fields": {"content": "\u05d4\u05d5\u05e1\u05e4\u05ea \u05e7\u05d9\u05e9\u05d5\u05e8 \u05d1\u05d3\u05e3 \u05d4\u05d6\u05d4 \u05dc\u05d3\u05e3 \u05d4\u05d4\u05e1\u05d1\u05e8\u05d9\u05dd \u05d0\u05d5\u05d3\u05d5\u05ea \u05d4\u05de\u05e9\u05d7\u05e7 \u05d4\u05d6\u05d4", "value": 6, "created_at": "2014-01-14T21:22:00.334Z", "updated_at": "2014-01-23T10:38:49.697Z", "parent": 17}}, {"pk": 19, "model": "coplay.decision", "fields": {"content": "\u05d0\u05e0\u05d9 \u05e8\u05d5\u05e6\u05d4 \u05dc\u05d0\u05e4\u05e9\u05e8 \u05dc\u05de\u05d5\u05d1\u05d9\u05dc \u05d4\u05e4\u05e2\u05d9\u05dc\u05d5\u05ea \u05dc\u05e7\u05d1\u05dc \u05de\u05d9\u05d3\u05e2 \u05e9\u05dc \u05db\u05dc \u05de\u05d9 \u05e9\u05d4\u05ea\u05e2\u05e0\u05d9\u05df \u05d1\u05e4\u05e2\u05d9\u05dc\u05d5\u05ea \u05e9\u05dc\u05d5. \u05db\u05db\u05d4 \u05d4\u05d5\u05d0 \u05d9\u05d5\u05db\u05dc \u05dc\u05e4\u05e0\u05d5\u05ea \u05d0\u05dc\u05d9\u05d4\u05dd \u05e9\u05d9\u05e2\u05d6\u05e8\u05d5 \u05dc\u05d5. \u05d3\u05d5\u05de\u05d4 \u05dc\u05d9\u05db\u05d5\u05dc\u05ea \u05e9\u05d9\u05e9 \u05d1\u05e4\u05d9\u05d9\u05e1\u05d1\u05d5\u05e7 \u05dc\u05e7\u05d1\u05dc \u05e8\u05e9\u05d9\u05de\u05d4 \u05e9\u05dc \u05d4\u05e6\u05d5\u05e4\u05d9\u05dd \u05d1\u05db\u05dc \u05d3\u05d9\u05d5\u05df. \u05dc\u05db\u05df \u05d0\u05e0\u05d9 \u05e9\u05d5\u05e7\u05dc \u05dc\u05e4\u05ea\u05d7 \u05d9\u05db\u05d5\u05dc\u05ea \u05e2\u05d1\u05d5\u05e8 \u05d1\u05e2\u05dc \u05d3\u05d9\u05d5\u05df \u05dc\u05e7\u05d1\u05dc \u05e8\u05e9\u05d9\u05de\u05d4 \u05e9\u05dc \u05db\u05dc \u05d4\u05de\u05e9\u05ea\u05de\u05e9\u05d9\u05dd \u05e9\u05e6\u05e4\u05d5 \u05d1\u05d3\u05d9\u05d5\u05df \u05e9\u05dc\u05d5, \u05db\u05d5\u05dc\u05dc \u05de\u05e1\u05e4\u05e8 \u05d4\u05e4\u05e2\u05de\u05d9\u05dd \u05e9\u05d1\u05d9\u05e7\u05e8\u05d5 \u05d5\u05d9\u05e1\u05d5\u05d3\u05e8\u05d5 \u05dc\u05e4\u05d9 \u05e1\u05d3\u05e8 \u05e9\u05dc \u05de\u05d5\u05e2\u05d3 \u05d4\u05d1\u05d9\u05e7\u05d5\u05e8 \u05d4\u05d0\u05d7\u05e8\u05d5\u05df (\u05e2\u05d3\u05db\u05e0\u05d9\u05d9\u05dd \u05ea\u05d7\u05d9\u05dc\u05d4, \u05db\u05de\u05d5 \u05d1\u05de\u05e9\u05d5\u05d1\u05d9\u05dd \u05e9\u05dc \u05d4\u05e4\u05e2\u05d9\u05dc\u05d5\u05ea. \u05db\u05de\u05d4 \u05d6\u05d4 \u05d7\u05e9\u05d5\u05d1?", "value": 4, "created_at": "2014-01-15T21:36:56.638Z", "updated_at": "2014-01-23T10:38:38.056Z", "parent": 17}}, {"pk": 20, "model": "coplay.decision", "fields": {"content": "\u05e0\u05db\u05d5\u05df \u05e9\u05db\u05ea\u05d1\u05e0\u05d5 \u05ea\u05e1\u05e8\u05d9\u05d8, \u05d0\u05da \u05e0\u05e8\u05d0\u05d4 \u05dc\u05d9 \u05e9\u05d9\u05d4\u05d9\u05d4 \u05e7\u05e9\u05d4 \u05dc\u05d9\u05d9\u05e9\u05dd \u05d0\u05d5\u05ea\u05d5 \u05d1\u05e9\u05dc\u05d1 \u05d4\u05d6\u05d4. \u05d0\u05e4\u05e9\u05e8 \u05dc\u05e2\u05e9\u05d5\u05ea \u05e9\u05d9\u05de\u05d5\u05e9 \u05d1\u05ea\u05e1\u05e8\u05d9\u05d8 \u05d1\u05e9\u05dc\u05d1 \u05de\u05d0\u05d5\u05d7\u05e8 \u05d9\u05d5\u05ea\u05e8. \u05d1\u05e0\u05ea\u05d9\u05d9\u05dd \u05e6\u05e8\u05d9\u05da \u05dc\u05d7\u05e9\u05d5\u05d1 \u05e2\u05dc \u05e1\u05e8\u05d8\u05d5\u05df \u05e4\u05e9\u05d5\u05d8 \u05dc\u05d9\u05d9\u05e9\u05d5\u05dd \u05d1\u05de\u05e9\u05d0\u05d1\u05d9\u05dd \u05d4\u05e7\u05d9\u05d9\u05de\u05d9\u05dd.", "value": 0, "created_at": "2014-01-16T09:00:06.674Z", "updated_at": "2014-01-16T09:00:06.674Z", "parent": 8}}, {"pk": 21, "model": "coplay.decision", "fields": {"content": "\u05de\u05d9 \u05e9\u05d9\u05e8\u05e6\u05d4 \u05dc\u05d9\u05d6\u05d5\u05dd \u05ea\u05e1\u05e8\u05d9\u05d8 \u05d0\u05d5 \u05e1\u05e8\u05d8\u05d5\u05df \u05d9\u05e2\u05e9\u05d4 \u05d6\u05d0\u05ea \u05d3\u05e8\u05da \u05d4\u05e4\u05dc\u05d8\u05e4\u05d5\u05e8\u05de\u05d4, \u05db\u05da \u05e0\u05d0\u05e4\u05e9\u05e8 \u05d4\u05e9\u05e4\u05e2\u05d4 \u05d5\u05dc\u05d0 \u05e9\u05d9\u05e4\u05d5\u05d8\u05d9\u05d5\u05ea. \u05d0\u05dd \u05d0\u05e0\u05d7\u05e0\u05d5 \u05de\u05d0\u05e4\u05e9\u05e8\u05d9\u05dd \u05e7\u05d5\u05d3 \u05e4\u05ea\u05d5\u05d7, \u05d0\u05d6 \u05d2\u05dd \u05d0\u05e4\u05e9\u05e8 \u05dc\u05d9\u05d9\u05e6\u05e8 \u05e1\u05e8\u05d8\u05d5\u05e0\u05d9\u05dd \u05d1\u05e6\u05d5\u05e8\u05d4 \u05e4\u05ea\u05d5\u05d7\u05d4.", "value": 0, "created_at": "2014-01-16T09:01:31.197Z", "updated_at": "2014-01-16T09:01:31.197Z", "parent": 8}}, {"pk": 22, "model": "coplay.decision", "fields": {"content": "\u05de\u05d9 \u05e8\u05dc\u05d5\u05d5\u05e0\u05d8\u05d9 \u05d1\u05d0\u05e8\u05e5?", "value": 2, "created_at": "2014-01-16T12:06:54.359Z", "updated_at": "2014-01-19T08:49:59.525Z", "parent": 21}}, {"pk": 23, "model": "coplay.decision", "fields": {"content": "\u05dc\u05e6\u05d0\u05ea \u05dc\u05d2\u05d9\u05d5\u05e1 crowed sourcing", "value": 13, "created_at": "2014-01-16T12:07:31.650Z", "updated_at": "2014-01-19T23:51:36.664Z", "parent": 21}}, {"pk": 24, "model": "coplay.decision", "fields": {"content": "\u05d4\u05ea\u05e8\u05d0\u05d5\u05ea \u05d1\u05de\u05d9\u05d9\u05dc", "value": 5, "created_at": "2014-01-16T18:01:14.018Z", "updated_at": "2014-01-23T10:37:59.724Z", "parent": 17}}, {"pk": 25, "model": "coplay.decision", "fields": {"content": "\u05d7\u05d9\u05d1\u05d5\u05e8 \u05dc\u05e8\u05e9\u05ea\u05d5\u05ea \u05d7\u05d1\u05e8\u05ea\u05d9\u05d5\u05d9\u05ea", "value": 5, "created_at": "2014-01-16T18:01:40.567Z", "updated_at": "2014-01-23T10:37:02.745Z", "parent": 17}}, {"pk": 26, "model": "coplay.decision", "fields": {"content": "\u05d4\u05d2\u05d1\u05dc\u05ea \u05de\u05e9\u05da \u05d4\u05d3\u05d9\u05d5\u05df \u05d5\u05e0\u05e2\u05d9\u05dc\u05d4 \u05d0\u05dd \u05d4\u05de\u05d5\u05d1\u05d9\u05dc \u05dc\u05d0 \u05dc\u05d5\u05e7\u05d7 \u05e2\u05dc \u05e2\u05e6\u05de\u05d5 \u05de\u05e9\u05d9\u05de\u05d5\u05ea. ", "value": 5, "created_at": "2014-01-16T21:13:39.035Z", "updated_at": "2014-01-23T10:36:52.128Z", "parent": 17}}, {"pk": 27, "model": "coplay.decision", "fields": {"content": "\u05d4\u05d5\u05e1\u05e4\u05ea \u05ea\u05db\u05e0\u05d9\u05dd \u05e9\u05d9\u05e2\u05d5\u05e8\u05e8\u05d5 \u05d4\u05e9\u05e8\u05d0\u05d4 \u05d5\u05e2\u05e0\u05d9\u05df \u05dc\u05de\u05d1\u05e7\u05e8\u05d9\u05dd \u05d1\u05d0\u05ea\u05e8.\r\n\u05dc\u05de\u05e9\u05dc \u05d4\u05e8\u05e6\u05d0\u05d5\u05ea \u05de\u05d8\u05d3", "value": 5, "created_at": "2014-01-18T08:29:33.178Z", "updated_at": "2014-01-23T10:36:36.440Z", "parent": 17}}, {"pk": 28, "model": "coplay.decision", "fields": {"content": "\u05d0\u05dd \u05d5\u05db\u05e9\u05de\u05e9\u05ea\u05de\u05e9 \u05e0\u05ea\u05e7\u05dc \u05d1\u05d1\u05e2\u05d9\u05d4 \u05d4\u05d0\u05ea\u05e8, \u05e0\u05d3\u05d9\u05e8 \u05e9\u05d4\u05d5\u05d0 \u05d9\u05e6\u05d5\u05e8 \u05e7\u05e9\u05e8 \u05d5\u05d9\u05ea\u05d0\u05e8 \u05d1\u05d3\u05d9\u05d5\u05e7 \u05de\u05d4 \u05d4\u05d5\u05d0 \u05dc\u05d0 \u05d4\u05e6\u05dc\u05d9\u05d7 \u05dc\u05e2\u05e9\u05d5\u05ea. \u05db\u05d3\u05d9 \u05dc\u05e4\u05ea\u05d5\u05e8 \u05d0\u05ea \u05d6\u05d4 \u05db\u05d3\u05d0\u05d9 \u05dc\u05d4\u05e7\u05dc\u05d9\u05d8 \u05d0\u05ea \u05d4\u05e4\u05e2\u05d9\u05dc\u05d5\u05ea \u05db\u05d3\u05d9 \u05e9\u05d1\u05e8\u05d2\u05e2 \u05d5\u05d4\u05dc\u05e7\u05d5\u05d7 \u05d9\u05dc\u05d7\u05e5 \u05e2\u05dc \u05db\u05e4\u05ea\u05d5\u05e8, \u05e0\u05d3\u05e2 \u05d1\u05d3\u05d9\u05d5\u05e7 \u05dc\u05e4\u05d9 \u05e8\u05d9\u05e9\u05d5\u05dd \u05d4\u05e4\u05e2\u05d9\u05dc\u05d5\u05ea \u05d0\u05d9\u05da \u05e0\u05d9\u05ea\u05df \u05d9\u05d4\u05d9\u05d4 \u05dc\u05e9\u05d7\u05d6\u05e8 \u05d4\u05ea\u05e7\u05dc\u05d4 \u05d5\u05dc\u05e4\u05ea\u05d5\u05e8 \u05d0\u05d5\u05ea\u05d4", "value": 5, "created_at": "2014-01-19T10:37:20.852Z", "updated_at": "2014-01-23T10:36:18.519Z", "parent": 17}}, {"pk": 29, "model": "coplay.decision", "fields": {"content": "\u05dc\u05d4\u05db\u05e0\u05d9\u05e1 \u05ea\u05db\u05e0\u05d9\u05dd \u05e9\u05d9\u05ea\u05e0\u05d5 \u05d4\u05e9\u05e8\u05d0\u05d4 \u05dc\u05de\u05d9 \u05e9\u05e6\u05e8\u05d9\u05da \u05d7\u05d9\u05d6\u05d5\u05e7\u05d9\u05dd \u05db\u05d3\u05d9 \u05dc\u05d4\u05ea\u05de\u05d9\u05d3 \u05d1\u05e4\u05e8\u05d5\u05d9\u05e7\u05d8 \u05e9\u05dc\u05d5.\r\n\u05dc\u05de\u05e9\u05dc \u05dc\u05ea\u05ea \u05d1\u05de\u05d4 \u05dc\u05d0\u05e0\u05e9\u05d9\u05dd \u05e2\u05dd \u05e0\u05d9\u05e1\u05d9\u05d5\u05df \u05e9\u05dc \u05e2\u05e9\u05d9\u05d4 \u05e6\u05d9\u05d1\u05d5\u05e8\u05d9\u05ea \u05dc\u05db\u05ea\u05d5\u05d1 \u05d8\u05d5\u05e8\u05d9\u05dd \u05d0\u05d9\u05e9\u05d9\u05d9\u05dd \u05d1\u05d0\u05ea\u05e8", "value": 4, "created_at": "2014-01-19T21:40:03.750Z", "updated_at": "2014-01-23T10:35:25.212Z", "parent": 17}}, {"pk": 30, "model": "coplay.decision", "fields": {"content": "\u05dc\u05d0\u05e4\u05e9\u05e8 \u05dc\u05de\u05d5\u05d1\u05d9\u05dc \u05d4\u05d3\u05d9\u05d5\u05df \u05dc\u05d4\u05d2\u05d1\u05d9\u05dc \u05d0\u05ea \u05e7\u05d1\u05d5\u05e6\u05ea \u05d4\u05de\u05e9\u05ea\u05ea\u05e4\u05d9\u05dd \u05d1\u05d3\u05d9\u05d5\u05df", "value": 0, "created_at": "2014-01-24T08:24:47.541Z", "updated_at": "2014-01-24T08:24:47.541Z", "parent": 17}}, {"pk": 31, "model": "coplay.decision", "fields": {"content": "\u05e0\u05d9\u05e7\u05d5\u05d3\u05d9\u05dd \u05d5\u05ea\u05d7\u05e8\u05d5\u05d9\u05d5\u05ea \u05d1\u05d9\u05df \u05d4\u05de\u05e9\u05ea\u05de\u05e9\u05d9\u05dd \u05dc\u05e4\u05d9 \u05de\u05d3\u05d3\u05d9\u05dd \u05de\u05ea\u05d5\u05da \u05d4\u05de\u05e2\u05e8\u05db\u05ea.\r\n\u05dc\u05de\u05e9\u05dc:\r\n1- \u05de\u05e9\u05da \u05d4\u05d6\u05de\u05df \u05e9\u05d4\u05e4\u05e2\u05d9\u05dc\u05d5\u05ea \u05e9\u05d4\u05d5\u05d1\u05d9\u05dc\u05d5 \u05dc\u05d0 \u05e0\u05de\u05d7\u05e7\u05d4 (\u05d1\u05d6\u05db\u05d5\u05ea \u05d4\u05ea\u05de\u05d3\u05d4 \u05e9\u05dc \u05de\u05d5\u05d1\u05d9\u05dc \u05d4\u05e4\u05e2\u05d9\u05dc\u05d5\u05ea \u05d5\u05d4\u05ea\u05d5\u05de\u05db\u05d9\u05dd)\r\n2 - \u05de\u05e1\u05e4\u05e8 \u05d4\u05de\u05e9\u05d9\u05de\u05d5\u05ea \u05e9\u05e2\u05de\u05d3\u05d5 \u05d1\u05d4\u05dd\r\n3 - \u05de\u05e1\u05e4\u05e8 \u05d4\u05de\u05e9\u05d9\u05de\u05d5\u05ea \u05e9\u05dc\u05e7\u05d7\u05d5 \u05e2\u05dc \u05e2\u05e6\u05de\u05dd \u05d1\u05e4\u05e2\u05d9\u05dc\u05d5\u05d9\u05d5\u05ea \u05e9\u05dc \u05de\u05e9\u05ea\u05de\u05e9\u05d9\u05dd \u05d0\u05d7\u05e8\u05d9\u05dd\r\n\u05d5\u05e2\u05d5\u05d3 \u05d5\u05e2\u05d5\u05d3", "value": 0, "created_at": "2014-01-24T14:27:51.325Z", "updated_at": "2014-01-24T14:27:51.325Z", "parent": 17}}, {"pk": 32, "model": "coplay.decision", "fields": {"content": "\u05d4\u05d0\u05dd \u05de\u05e2\u05e0\u05d9\u05d9\u05df \u05d0/\u05e0\u05e9\u05d9\u05dd?", "value": 5, "created_at": "2014-01-24T18:10:26.396Z", "updated_at": "2014-01-25T21:52:24.208Z", "parent": 24}}, {"pk": 33, "model": "coplay.decision", "fields": {"content": "\u05dc\u05d4\u05db\u05d9\u05df \u05d8\u05d5\u05e4\u05e1 \u05d1\u05d2\u05d5\u05d2\u05dc \u05d3\u05d5\u05e7\u05e1 \u05dc\u05d4\u05e6\u05d1\u05e2\u05d4", "value": 2, "created_at": "2014-01-25T10:28:18.267Z", "updated_at": "2014-01-26T23:15:20.481Z", "parent": 25}}, {"pk": 34, "model": "coplay.decision", "fields": {"content": "\u05dc\u05d4\u05db\u05d9\u05df \u05d0\u05e4\u05dc\u05d9\u05e7\u05e6\u05d9\u05d4 \u05e4\u05e9\u05d5\u05d8\u05d4 \u05d1\u05d5\u05d5\u05d1 \u05dc\u05d4\u05e6\u05d1\u05e2\u05d4", "value": 3, "created_at": "2014-01-25T10:28:49.733Z", "updated_at": "2014-01-26T23:15:02.054Z", "parent": 25}}, {"pk": 35, "model": "coplay.decision", "fields": {"content": "\u05dc\u05d4\u05ea\u05d7\u05d9\u05dc \u05dc\u05e7\u05d8\u05e8 \u05d1\u05de\u05e7\u05d5\u05dd \u05dc\u05e2\u05e9\u05d5\u05ea", "value": 5, "created_at": "2014-01-25T10:29:36.749Z", "updated_at": "2014-01-26T23:14:40.791Z", "parent": 25}}, {"pk": 36, "model": "coplay.decision", "fields": {"content": "\u05ea\u05d5\u05d3\u05d4 \u05d3\u05d5\u05d3 \u05d5\u05e6\u05d7\u05d9 \u05e2\u05dc \u05e4\u05ea\u05d5\u05d7 \u05d4\u05e8\u05e2\u05d9\u05d5\u05df, \u05d0\u05e0\u05d9 \u05e4\u05d5\u05ea\u05d7\u05ea\u05d9 \u05e7\u05d1\u05d5\u05e6\u05d4 \u05d1\u05e4\u05d9\u05d9\u05e1\u05d1\u05d5\u05e7 \u05e9\u05d9\u05d0\u05e4\u05e9\u05e8 \u05d2\u05dd \u05d3\u05d9\u05d5\u05df \u05e4\u05ea\u05d5\u05d7 \u05de\u05e2\u05d1\u05e8 \u05dc\u05d4\u05ea\u05e0\u05d4\u05dc\u05d5\u05ea \u05d1\u05e7\u05d5\u05d8\u05e8\u05dc\u05e1. \u05de\u05d4 \u05d3\u05e2\u05ea\u05db\u05dd?", "value": 0, "created_at": "2014-01-29T07:11:01.009Z", "updated_at": "2014-01-29T07:11:01.009Z", "parent": 25}}, {"pk": 37, "model": "coplay.decision", "fields": {"content": "\u05ea\u05d5\u05d3\u05d4 \u05dc\u05db\u05dc \u05d4\u05d4\u05e2\u05e8\u05d5\u05ea, \u05d0\u05e0\u05d9 \u05d9\u05d1\u05d4\u05d9\u05e8 \u05d9\u05d5\u05ea\u05e8 \u05e9\u05d6\u05d5 \u05d3\u05e2\u05d4 \u05d0\u05d9\u05e9\u05d9\u05ea. \u05d1\u05e0\u05d5\u05e1\u05e3 \u05d0\u05e0\u05e1\u05d4 \u05dc\u05d7\u05d3\u05d3 \u05d0\u05ea \u05d4\u05de\u05e1\u05e8.", "value": 5, "created_at": "2014-01-29T09:20:49.415Z", "updated_at": "2014-01-31T10:28:30.358Z", "parent": 32}}, {"pk": 38, "model": "coplay.decision", "fields": {"content": "\u05d7\u05d7\u05d7\u05d7\u05d7\u05d7\u05d7", "value": 0, "created_at": "2014-02-03T14:41:57.165Z", "updated_at": "2014-02-03T14:41:57.165Z", "parent": 34}}, {"pk": 1, "model": "auth.permission", "fields": {"codename": "add_logentry", "name": "Can add log entry", "content_type": 1}}, {"pk": 2, "model": "auth.permission", "fields": {"codename": "change_logentry", "name": "Can change log entry", "content_type": 1}}, {"pk": 3, "model": "auth.permission", "fields": {"codename": "delete_logentry", "name": "Can delete log entry", "content_type": 1}}, {"pk": 4, "model": "auth.permission", "fields": {"codename": "add_permission", "name": "Can add permission", "content_type": 2}}, {"pk": 5, "model": "auth.permission", "fields": {"codename": "change_permission", "name": "Can change permission", "content_type": 2}}, {"pk": 6, "model": "auth.permission", "fields": {"codename": "delete_permission", "name": "Can delete permission", "content_type": 2}}, {"pk": 7, "model": "auth.permission", "fields": {"codename": "add_group", "name": "Can add group", "content_type": 3}}, {"pk": 8, "model": "auth.permission", "fields": {"codename": "change_group", "name": "Can change group", "content_type": 3}}, {"pk": 9, "model": "auth.permission", "fields": {"codename": "delete_group", "name": "Can delete group", "content_type": 3}}, {"pk": 10, "model": "auth.permission", "fields": {"codename": "add_user", "name": "Can add user", "content_type": 4}}, {"pk": 11, "model": "auth.permission", "fields": {"codename": "change_user", "name": "Can change user", "content_type": 4}}, {"pk": 12, "model": "auth.permission", "fields": {"codename": "delete_user", "name": "Can delete user", "content_type": 4}}, {"pk": 13, "model": "auth.permission", "fields": {"codename": "add_contenttype", "name": "Can add content type", "content_type": 5}}, {"pk": 14, "model": "auth.permission", "fields": {"codename": "change_contenttype", "name": "Can change content type", "content_type": 5}}, {"pk": 15, "model": "auth.permission", "fields": {"codename": "delete_contenttype", "name": "Can delete content type", "content_type": 5}}, {"pk": 16, "model": "auth.permission", "fields": {"codename": "add_session", "name": "Can add session", "content_type": 6}}, {"pk": 17, "model": "auth.permission", "fields": {"codename": "change_session", "name": "Can change session", "content_type": 6}}, {"pk": 18, "model": "auth.permission", "fields": {"codename": "delete_session", "name": "Can delete session", "content_type": 6}}, {"pk": 19, "model": "auth.permission", "fields": {"codename": "add_discussion", "name": "Can add discussion", "content_type": 7}}, {"pk": 20, "model": "auth.permission", "fields": {"codename": "change_discussion", "name": "Can change discussion", "content_type": 7}}, {"pk": 21, "model": "auth.permission", "fields": {"codename": "delete_discussion", "name": "Can delete discussion", "content_type": 7}}, {"pk": 22, "model": "auth.permission", "fields": {"codename": "add_feedback", "name": "Can add feedback", "content_type": 8}}, {"pk": 23, "model": "auth.permission", "fields": {"codename": "change_feedback", "name": "Can change feedback", "content_type": 8}}, {"pk": 24, "model": "auth.permission", "fields": {"codename": "delete_feedback", "name": "Can delete feedback", "content_type": 8}}, {"pk": 25, "model": "auth.permission", "fields": {"codename": "add_decision", "name": "Can add decision", "content_type": 9}}, {"pk": 26, "model": "auth.permission", "fields": {"codename": "change_decision", "name": "Can change decision", "content_type": 9}}, {"pk": 27, "model": "auth.permission", "fields": {"codename": "delete_decision", "name": "Can delete decision", "content_type": 9}}, {"pk": 28, "model": "auth.permission", "fields": {"codename": "add_vote", "name": "Can add vote", "content_type": 10}}, {"pk": 29, "model": "auth.permission", "fields": {"codename": "change_vote", "name": "Can change vote", "content_type": 10}}, {"pk": 30, "model": "auth.permission", "fields": {"codename": "delete_vote", "name": "Can delete vote", "content_type": 10}}, {"pk": 31, "model": "auth.permission", "fields": {"codename": "add_task", "name": "Can add task", "content_type": 11}}, {"pk": 32, "model": "auth.permission", "fields": {"codename": "change_task", "name": "Can change task", "content_type": 11}}, {"pk": 33, "model": "auth.permission", "fields": {"codename": "delete_task", "name": "Can delete task", "content_type": 11}}, {"pk": 34, "model": "auth.permission", "fields": {"codename": "add_migrationhistory", "name": "Can add migration history", "content_type": 12}}, {"pk": 35, "model": "auth.permission", "fields": {"codename": "change_migrationhistory", "name": "Can change migration history", "content_type": 12}}, {"pk": 36, "model": "auth.permission", "fields": {"codename": "delete_migrationhistory", "name": "Can delete migration history", "content_type": 12}}, {"pk": 1, "model": "auth.user", "fields": {"username": "admin", "first_name": "", "last_name": "", "is_active": true, "is_superuser": true, "is_staff": true, "last_login": "2014-01-13T13:59:48.231Z", "groups": [], "user_permissions": [], "password": "pbkdf2_sha256$12000$kcmEYowUB55R$5g+lQmJhiqjJPdTU00SM3qOIAxrxFxtfmPT+LayRqqc=", "email": "tzahimanmobile@gmail.com", "date_joined": "2014-01-06T00:34:27.553Z"}}, {"pk": 2, "model": "auth.user", "fields": {"username": "hagai", "first_name": "", "last_name": "", "is_active": true, "is_superuser": false, "is_staff": false, "last_login": "2014-01-28T10:23:13.518Z", "groups": [], "user_permissions": [], "password": "pbkdf2_sha256$12000$5ilDcPDjllZw$grJT78ZmrHvDJSz4MbO8B1kXD1DOEnvhc6F0eKslr/E=", "email": "", "date_joined": "2014-01-06T00:40:11.442Z"}}, {"pk": 3, "model": "auth.user", "fields": {"username": "Tzahim", "first_name": "\u05e6\u05d7\u05d9", "last_name": "\u05de\u05e0\u05d9\u05e1\u05d8\u05e8\u05e1\u05e7\u05d9", "is_active": true, "is_superuser": true, "is_staff": true, "last_login": "2014-02-03T14:08:38.479Z", "groups": [], "user_permissions": [1, 2, 3, 7, 8, 9, 4, 5, 6, 10, 11, 12, 13, 14, 15, 28, 29, 30, 22, 23, 24, 25, 26, 27, 34, 35, 36, 31, 32, 33, 16, 17, 18, 19, 20, 21], "password": "pbkdf2_sha256$12000$1DkNwE0QSMdG$1YZKcgF12T/14rx1FteewJYdP5Yz9SXvVaCQjFKBM/E=", "email": "tzahimanmobile@gmail.com", "date_joined": "2014-01-06T00:40:23Z"}}, {"pk": 4, "model": "auth.user", "fields": {"username": "janeta", "first_name": "", "last_name": "", "is_active": true, "is_superuser": false, "is_staff": false, "last_login": "2014-01-13T17:06:05.430Z", "groups": [], "user_permissions": [], "password": "pbkdf2_sha256$12000$uhDZltmLHTrC$Ktk0eOCaQjQszH8728cE/Vsh8MX3EHiJA5BtAtdvJBY=", "email": "", "date_joined": "2014-01-06T00:40:39Z"}}, {"pk": 5, "model": "auth.user", "fields": {"username": "SharonD", "first_name": "", "last_name": "", "is_active": true, "is_superuser": false, "is_staff": false, "last_login": "2014-01-27T14:01:09.339Z", "groups": [], "user_permissions": [], "password": "pbkdf2_sha256$12000$EnZ6YBeD3Be6$Kjc54ryazXXY9poX7SXysHTbOhc3secJEpYJ9IptRKo=", "email": "", "date_joined": "2014-01-06T07:49:38Z"}}, {"pk": 6, "model": "auth.user", "fields": {"username": "Michael", "first_name": "", "last_name": "", "is_active": true, "is_superuser": false, "is_staff": false, "last_login": "2014-02-03T09:59:44.166Z", "groups": [], "user_permissions": [], "password": "pbkdf2_sha256$12000$UVcmn8IsNp3i$ZVvDFfsZpwmcd8zmpuS1TOv7wuyfF/UEoSp09o8F5TY=", "email": "michaelmeiir@gmail.com", "date_joined": "2014-01-06T09:55:49Z"}}, {"pk": 7, "model": "auth.user", "fields": {"username": "Yuval", "first_name": "", "last_name": "", "is_active": true, "is_superuser": false, "is_staff": false, "last_login": "2014-01-06T09:55:59.465Z", "groups": [], "user_permissions": [], "password": "pbkdf2_sha256$12000$OGbPj1RyMomd$+nfSYJJouLuGwEOUN3tzFm2doZgVhCkb8dlbzB+o/vs=", "email": "", "date_joined": "2014-01-06T09:55:59.465Z"}}, {"pk": 8, "model": "auth.user", "fields": {"username": "Jordan", "first_name": "", "last_name": "", "is_active": true, "is_superuser": false, "is_staff": false, "last_login": "2014-01-13T08:32:17.758Z", "groups": [], "user_permissions": [], "password": "pbkdf2_sha256$12000$xS9cschWgTQ8$rQcmP3XjWE6Yury2wY4GnewD6ofjCMq9wF4cGb4Ytrs=", "email": "", "date_joined": "2014-01-06T09:56:51Z"}}, {"pk": 9, "model": "auth.user", "fields": {"username": "ravid", "first_name": "ravid", "last_name": "silman", "is_active": true, "is_superuser": false, "is_staff": false, "last_login": "2014-01-19T23:49:04.911Z", "groups": [], "user_permissions": [], "password": "pbkdf2_sha256$12000$J9CvMwR5SZvN$tqBco5va3QDGR9Qvcf1WtiNe1pzNWVuGps/tJKKJtlA=", "email": "theravidsilman@gmail.com", "date_joined": "2014-01-06T17:47:02Z"}}, {"pk": 10, "model": "auth.user", "fields": {"username": "asaf", "first_name": "", "last_name": "", "is_active": true, "is_superuser": false, "is_staff": false, "last_login": "2014-01-06T18:32:41.919Z", "groups": [], "user_permissions": [], "password": "pbkdf2_sha256$12000$PRvF74uoUNpb$+Gi4+Cts+bsQQXIPf/gNJO39fMCF9UBLy4iwh7PrrOg=", "email": "", "date_joined": "2014-01-06T18:32:31Z"}}, {"pk": 11, "model": "auth.user", "fields": {"username": "david", "first_name": "", "last_name": "", "is_active": true, "is_superuser": false, "is_staff": false, "last_login": "2014-01-06T18:46:51.810Z", "groups": [], "user_permissions": [], "password": "pbkdf2_sha256$12000$q39wEQv6kucn$IdYzOxOFaIO0X+FHyGttDN1dwnunFlwnyRo9kLbVTcY=", "email": "", "date_joined": "2014-01-06T18:42:41Z"}}, {"pk": 13, "model": "auth.user", "fields": {"username": "polina", "first_name": "polina", "last_name": "sklyarevsky", "is_active": true, "is_superuser": false, "is_staff": false, "last_login": "2014-01-19T00:16:19.883Z", "groups": [], "user_permissions": [], "password": "pbkdf2_sha256$12000$V6HRKUjVbGxr$sK+E0b3Rvx8ihx6f1oeIx7XLOOEjIGwK70XIuFCNZP8=", "email": "polina@hasadna.org.il", "date_joined": "2014-01-09T10:37:20.838Z"}}, {"pk": 14, "model": "auth.user", "fields": {"username": "oriM", "first_name": "", "last_name": "", "is_active": true, "is_superuser": false, "is_staff": false, "last_login": "2014-01-11T08:57:33Z", "groups": [], "user_permissions": [], "password": "pbkdf2_sha256$12000$bdr31vrOFEfs$uocVp8HdC0fIXaUQX40TGTKXrPraKk0fWnPSeuWMpKU=", "email": "", "date_joined": "2014-01-11T08:52:13Z"}}, {"pk": 28, "model": "auth.user", "fields": {"username": "mbracha", "first_name": "", "last_name": "", "is_active": true, "is_superuser": false, "is_staff": false, "last_login": "2014-01-14T12:10:18.120Z", "groups": [], "user_permissions": [], "password": "pbkdf2_sha256$12000$N9Skez6TgYBb$/U5YUMZP6LafZJE/gtoeJ6Ttpcs45v2MQM7d3OgpZjg=", "email": "mbracha@gmail.com", "date_joined": "2014-01-12T11:58:54.901Z"}}, {"pk": 29, "model": "auth.user", "fields": {"username": "bonnie", "first_name": "Bonnie ", "last_name": "levi", "is_active": true, "is_superuser": false, "is_staff": false, "last_login": "2014-01-13T17:15:24.226Z", "groups": [], "user_permissions": [], "password": "pbkdf2_sha256$12000$drYSd7PgmKqN$USpsXSwUliKGDlpwweeK1KHh4jBrEdhCvbe9evWxNoc=", "email": "bonlev7@gmail.com", "date_joined": "2014-01-13T17:15:23.978Z"}}, {"pk": 30, "model": "auth.user", "fields": {"username": "David", "first_name": "David", "last_name": "", "is_active": true, "is_superuser": false, "is_staff": false, "last_login": "2014-01-29T16:04:10.091Z", "groups": [], "user_permissions": [], "password": "pbkdf2_sha256$12000$w1hMsoXBspPQ$L97VcqL50VhD5XWrhU03HVLKYT/rcgo5pKZPw4Nn/+U=", "email": "", "date_joined": "2014-01-13T17:36:29.007Z"}}, {"pk": 31, "model": "auth.user", "fields": {"username": "mfox", "first_name": "Michal", "last_name": "Fox", "is_active": true, "is_superuser": false, "is_staff": false, "last_login": "2014-01-24T17:59:08.630Z", "groups": [], "user_permissions": [], "password": "pbkdf2_sha256$12000$8OUXJURVIbtq$kz0oibiN9xLkZ71T7BuTUwnQFbzaX5Sog2axMzDLZ4g=", "email": "michalfox@gmail.com", "date_joined": "2014-01-13T18:28:50.005Z"}}, {"pk": 32, "model": "auth.user", "fields": {"username": "sharon", "first_name": "\u05e9\u05e8\u05d5\u05df", "last_name": "\u05d3\u05e4\u05e0\u05e8", "is_active": true, "is_superuser": false, "is_staff": false, "last_login": "2014-01-13T21:41:04.600Z", "groups": [], "user_permissions": [], "password": "pbkdf2_sha256$12000$SxhEyAqwzhHH$lfHnNhw5kCUP7C1wTYLuEVH8AnDIMli14a4ogqx/bPw=", "email": "sharon.shmorak@gmail.com", "date_joined": "2014-01-13T21:41:04.355Z"}}, {"pk": 33, "model": "auth.user", "fields": {"username": "rubberduckdev", "first_name": "", "last_name": "", "is_active": true, "is_superuser": false, "is_staff": false, "last_login": "2014-01-14T21:56:43.108Z", "groups": [], "user_permissions": [], "password": "pbkdf2_sha256$12000$qXWyQRHNqcGp$JWQCUKVUzSxzV/shjdmSsnoUyDfSpRsAEhx9WkDlCcY=", "email": "yuval.langer@gmail.com", "date_joined": "2014-01-14T21:56:42.843Z"}}, {"pk": 34, "model": "auth.user", "fields": {"username": "MakesReality", "first_name": "Uri", "last_name": "Gordon", "is_active": true, "is_superuser": false, "is_staff": false, "last_login": "2014-01-15T18:30:59.870Z", "groups": [], "user_permissions": [], "password": "pbkdf2_sha256$12000$KOsSbPvZOnEk$0xRsH+oGPsYWcUsIKecvFEAnVtCyfEfABw6h6VlbqpI=", "email": "makes.reality@gmail.com", "date_joined": "2014-01-15T18:30:59.581Z"}}, {"pk": 35, "model": "auth.user", "fields": {"username": "AmirK", "first_name": "\u05d0\u05de\u05d9\u05e8", "last_name": "\u05db\u05d5\u05db\u05d1\u05d9", "is_active": true, "is_superuser": false, "is_staff": false, "last_login": "2014-01-15T21:21:23Z", "groups": [], "user_permissions": [], "password": "pbkdf2_sha256$12000$rfRoGrgrTg9X$ccbhAfvOT97T/8Qu7mo5QRmiqMW6RJ6JXrnDi+0keXU=", "email": "amirko80@gmail.com", "date_joined": "2014-01-15T21:21:23Z"}}, {"pk": 36, "model": "auth.user", "fields": {"username": "boaz", "first_name": "\u05d1\u05d5\u05e2\u05d6", "last_name": "\u05d7\u05df", "is_active": true, "is_superuser": false, "is_staff": false, "last_login": "2014-01-16T12:02:11.199Z", "groups": [], "user_permissions": [], "password": "pbkdf2_sha256$12000$d26DaxjZwrgW$DXrjc7S3KGeYdB01RpJNFePRiAPM6NoNpljvx3oaZNk=", "email": "boaz.chen@gmail.com", "date_joined": "2014-01-16T12:02:10.941Z"}}, {"pk": 37, "model": "auth.user", "fields": {"username": "lmeira", "first_name": "\u05de\u05d0\u05d9\u05e8\u05d4", "last_name": "\u05dc\u05d5\u05d9", "is_active": true, "is_superuser": false, "is_staff": false, "last_login": "2014-01-20T13:48:11.476Z", "groups": [], "user_permissions": [], "password": "pbkdf2_sha256$12000$hm9ecx0pYqVv$FG0+6E/wbKO0VFYzr6CvF3OJ7IWC75xmgXg7ocPJFI0=", "email": "levysiis@gmail.com", "date_joined": "2014-01-20T13:46:37.015Z"}}, {"pk": 38, "model": "auth.user", "fields": {"username": "amielc1", "first_name": "amiel", "last_name": "cohen", "is_active": true, "is_superuser": false, "is_staff": false, "last_login": "2014-01-23T13:44:49.942Z", "groups": [], "user_permissions": [], "password": "pbkdf2_sha256$12000$9lfHoJHUhhdC$CDLNIo0+Ld7CvYERL7O0xzmhGpfctvX8k5HPknlRAZU=", "email": "amielc1@gmail.com", "date_joined": "2014-01-23T13:44:49.692Z"}}, {"pk": 39, "model": "auth.user", "fields": {"username": "test98", "first_name": "", "last_name": "", "is_active": true, "is_superuser": false, "is_staff": false, "last_login": "2014-01-27T16:30:54.691Z", "groups": [], "user_permissions": [], "password": "pbkdf2_sha256$12000$GWfjtgB4pBFd$+3VEtUva9f8gcMkYyWr/a6CbaF7LXFw3LYDb1UQy3HA=", "email": "", "date_joined": "2014-01-27T16:30:54.545Z"}}, {"pk": 40, "model": "auth.user", "fields": {"username": "ststs", "first_name": "fff", "last_name": "\u05db\u05d5\u05d4\u05df", "is_active": true, "is_superuser": false, "is_staff": false, "last_login": "2014-01-27T16:31:31.275Z", "groups": [], "user_permissions": [], "password": "pbkdf2_sha256$12000$zzVPj7EsozDH$HIMCg4P270mhiLsK2DF9Jl4oJ0s8MzmPwoIuzPXSFOc=", "email": "tttttt@gg.com", "date_joined": "2014-01-27T16:31:31.117Z"}}, {"pk": 41, "model": "auth.user", "fields": {"username": "eironweb", "first_name": "Asaf", "last_name": "Eiron", "is_active": true, "is_superuser": false, "is_staff": false, "last_login": "2014-01-27T17:16:25.576Z", "groups": [], "user_permissions": [], "password": "pbkdf2_sha256$12000$7NXnHtcPK1j4$zC/rvGzQ1s++4sxqwNL4EqorFddzUTKAlZc6Hd+ZwVw=", "email": "asaf@eiron.co.il", "date_joined": "2014-01-27T17:16:25.391Z"}}, {"pk": 42, "model": "auth.user", "fields": {"username": "michaelg", "first_name": "gogo", "last_name": "fofo", "is_active": true, "is_superuser": false, "is_staff": false, "last_login": "2014-01-27T17:40:59.194Z", "groups": [], "user_permissions": [], "password": "pbkdf2_sha256$12000$H3CDrBsA2f3B$8abumH2c30TGagRPuI5OZanJbOMqhA/OLGDcj+20hBI=", "email": "micha@gmai.com", "date_joined": "2014-01-27T17:40:59.051Z"}}, {"pk": 43, "model": "auth.user", "fields": {"username": "ArielA", "first_name": "", "last_name": "", "is_active": true, "is_superuser": false, "is_staff": false, "last_login": "2014-01-28T14:56:05Z", "groups": [], "user_permissions": [], "password": "pbkdf2_sha256$12000$CBIwUtBfdJeQ$kgJbYWFgttHXQGGnSmesYmrqEs2ktuqbLPfXUBjbyE0=", "email": "", "date_joined": "2014-01-28T14:56:05Z"}}, {"pk": 44, "model": "auth.user", "fields": {"username": "mbent", "first_name": "\u05de\u05d5\u05dc\u05d9", "last_name": "\u05d1\u05e0\u05d8\u05de\u05df", "is_active": true, "is_superuser": false, "is_staff": false, "last_login": "2014-01-29T08:35:33.966Z", "groups": [], "user_permissions": [], "password": "pbkdf2_sha256$12000$Gb53jsJU2igi$vxyNrCChU2G2ZM5IvUvwPKN9nFq62pRkwRDi8rJ9K8A=", "email": "mbentman@yahoo.com", "date_joined": "2014-01-29T08:35:33.819Z"}}, {"pk": 45, "model": "auth.user", "fields": {"username": "noamoss", "first_name": "\u05e0\u05e2\u05dd", "last_name": "\u05e7", "is_active": true, "is_superuser": false, "is_staff": false, "last_login": "2014-01-29T08:54:59.794Z", "groups": [], "user_permissions": [], "password": "pbkdf2_sha256$12000$ozGoFxmQ8IXr$GdaELLQ87uFiz0H4J2rmw7ufvjXGz9M5ba1Ue60mNBc=", "email": "noam@hasadna.org.il", "date_joined": "2014-01-29T08:54:59.605Z"}}, {"pk": 46, "model": "auth.user", "fields": {"username": "zuzu", "first_name": "\u05de\u05e9\u05ea\u05de\u05e9", "last_name": "\u05dc\u05d1\u05d3\u05d9\u05e7\u05d5\u05ea \u05d4\u05de\u05d9\u05d9\u05dc\u05d9\u05dd", "is_active": true, "is_superuser": false, "is_staff": false, "last_login": "2014-02-03T13:05:45.148Z", "groups": [], "user_permissions": [], "password": "pbkdf2_sha256$12000$aqy70JwC1nIT$HLS6zerOfzTaWHNriaUewvCP+/7zOZfuv+ITK1zGCLA=", "email": "tzahiman@yahoo.com", "date_joined": "2014-02-03T10:50:50Z"}}, {"pk": 1, "model": "coplay.discussion", "fields": {"owner": 1, "created_at": "2014-01-06T00:37:08.603Z", "description": "no, to mars", "updated_at": "2014-01-06T00:53:27.574Z", "title": "my discussion"}}, {"pk": 2, "model": "coplay.discussion", "fields": {"owner": 3, "created_at": "2014-01-06T07:52:45.188Z", "description": "\u05d4 admin \u05e9\u05e4\u05d9\u05e8\u05e1\u05dd \u05e4\u05d4 \u05e2\u05d9\u05d3\u05d5\u05d3 \u05d4\u05d5\u05d0 \u05d4admin \u05d4\u05d0\u05de\u05d9\u05ea\u05d9 \u05e9\u05dc\u05d9.\r\n\u05d8\u05dc - \u05d0\u05e0\u05d9 \u05d0\u05d5\u05d4\u05d1 \u05d0\u05d5\u05ea\u05da !!", "updated_at": "2014-01-13T16:51:07.017Z", "title": "coplay over internet development"}}, {"pk": 7, "model": "coplay.discussion", "fields": {"owner": 3, "created_at": "2014-01-13T16:33:12.401Z", "description": "\u05d0\u05d6 \u05d4\u05ea\u05d7\u05dc\u05e0\u05d5 \u05dc\u05e2\u05d1\u05d5\u05d3 \u05d1\u05d9\u05d7\u05d3.\r\n\r\n\u05d0\u05d7\u05e8\u05d9 \u05d4\u05e4\u05d2\u05d9\u05e9\u05d4 \u05e9\u05dc \u05d4\u05d1\u05d5\u05e7\u05e8 \u05d4\u05e2\u05ea\u05e7\u05ea\u05d9 \u05d0\u05ea \u05db\u05dc \u05d4\u05d7\u05d5\u05de\u05e8 \u05d4\u05e2\u05d5\u05e1\u05e7 \u05d1\u05e4\u05e2\u05d9\u05dc\u05d5\u05ea \u05d0\u05dc\r\nhttps://drive.google.com/folderview?id=0B_KWNyFYUvSrS1JBalhPMmNDRVk&usp=sharing\r\n\r\n\u05d0\u05e9\u05de\u05d7 \u05dc\u05d7\u05d5\u05d5\u05ea \u05d3\u05e2\u05ea \u05d5\u05d3\u05d9\u05d5\u05df \u05e2\u05dc \u05d4\u05d4\u05de\u05e9\u05da\r\n", "updated_at": "2014-01-26T14:11:31.759Z", "title": "\u05e7\u05dc\u05d9\u05d8\u05d4 \u05e9\u05dc \"\u05d4\u05d2\u05e9\u05de\u05d4 \u05e6\u05d9\u05d1\u05d5\u05e8\u05d9\u05ea\" \u05db\u05e4\u05e8\u05d5\u05d9\u05e7\u05d8 \u05e9\u05dc \u05d4\u05e1\u05d3\u05e0\u05d0 \u05dc\u05d9\u05d3\u05e2 \u05e6\u05d9\u05d1\u05d5\u05e8\u05d9"}}, {"pk": 8, "model": "coplay.discussion", "fields": {"owner": 2, "created_at": "2014-01-13T16:45:14.064Z", "description": "\u05d0\u05e0\u05d7\u05e0\u05d5 \u05e8\u05d5\u05e6\u05d9\u05dd \u05dc\u05d9\u05d9\u05e6\u05e8 \u05e1\u05e8\u05d8\u05d5\u05df \u05d5\u05d9\u05e8\u05d0\u05dc\u05d9 \u05de\u05d3\u05dc\u05d9\u05e7.\r\n\u05d7\u05e9\u05d5\u05d1 \u05e9\u05d4\u05d5\u05d0 \u05d9\u05d4\u05d9\u05d4 \u05de\u05e6\u05d7\u05d9\u05e7 \u05d5\u05d9\u05e2\u05d1\u05d9\u05e8 \u05d0\u05ea \u05d4\u05de\u05e1\u05e8.\r\n\u05d4\u05de\u05e1\u05e8 \u05d4\u05d5\u05d0 \"\u05de\u05d9 \u05e9\u05de\u05e7\u05d8\u05e8 \u05dc\u05d0 \u05e4\u05d5\u05ea\u05e8\"", "updated_at": "2014-01-13T16:45:14.064Z", "title": "\u05ea\u05e1\u05e8\u05d9\u05d8 \u05dc\u05e1\u05e8\u05d8\u05d5\u05df \u05e7\u05d9\u05d3\u05d5\u05dd"}}, {"pk": 10, "model": "coplay.discussion", "fields": {"owner": 29, "created_at": "2014-01-13T17:25:39.498Z", "description": "Create flashmob in Tel Aviv to spread message", "updated_at": "2014-01-13T17:25:39.498Z", "title": "flashmob"}}, {"pk": 11, "model": "coplay.discussion", "fields": {"owner": 29, "created_at": "2014-01-13T17:47:13.303Z", "description": "Exposure to wider audience.outreach\r\n\r\n...letting others know they are welcome to participate......reaching outs", "updated_at": "2014-01-13T17:52:00.527Z", "title": "flashmob"}}, {"pk": 17, "model": "coplay.discussion", "fields": {"owner": 3, "created_at": "2014-01-14T21:17:30.320Z", "description": "\u05d4\u05d3\u05e8\u05da \u05e9\u05d1\u05d4 \u05d0\u05e0\u05d5 \u05de\u05e4\u05ea\u05d7\u05d9\u05dd \u05d4\u05d9\u05d0 \u05dc\u05e2\u05e8\u05d1 \u05de\u05e9\u05ea\u05de\u05e9\u05d9\u05dd \u05db\u05d1\u05e8 \u05d1\u05ea\u05d7\u05d9\u05dc\u05ea \u05d4\u05d3\u05e8\u05da \u05e9\u05dc \u05d4\u05e4\u05d9\u05ea\u05d5\u05d7. \u05db\u05db\u05d4 \u05e0\u05d2\u05d9\u05e2 \u05d1\u05d9\u05d7\u05d3 \u05dc\u05db\u05dc\u05d9\u05dd \u05d4\u05db\u05d9 \u05e0\u05db\u05d5\u05e0\u05d9\u05dd \u05d5\u05d4\u05d0\u05d9\u05db\u05d5\u05ea\u05d9\u05d9\u05dd.\r\n\u05d7\u05e9\u05d5\u05d1 \u05dc\u05d9 \u05dc\u05e7\u05d1\u05dc \u05de\u05de\u05da \u05de\u05e9\u05d5\u05d1\u05d9\u05dd, \u05de\u05d4 \u05d8\u05d5\u05d1 \u05d5\u05e2\u05d5\u05d1\u05d3. \u05de\u05d4 \u05d8\u05e2\u05d5\u05df \u05e9\u05d9\u05e4\u05d5\u05e8 \u05d5\u05d0\u05d9\u05dc\u05d5 \u05ea\u05e7\u05dc\u05d5\u05ea \u05d2\u05d9\u05dc\u05d9\u05ea. \u05d0\u05e4\u05e8\u05e1\u05dd \u05db\u05d0\u05df \u05db\u05dc \u05de\u05d9\u05e0\u05d9 \u05d4\u05d7\u05dc\u05d8\u05d5\u05ea \u05e9\u05d0\u05e9\u05de\u05d7 \u05e9\u05ea\u05e6\u05d1\u05d9\u05e2\u05d5 \u05e2\u05d1\u05d5\u05e8\u05dd \u05d5\u05d2\u05dd \u05d0\u05ea \u05d4\u05de\u05e9\u05d9\u05de\u05d5\u05ea \u05e9\u05dc \u05de\u05d9 \u05e9\u05e2\u05d5\u05d6\u05e8.\r\n\u05d7\u05e9\u05d5\u05d1 \u05e9\u05db\u05dc \u05e2\u05d5\u05d3 \u05d0\u05d9\u05df \u05dc\u05e0\u05d5 \u05d7\u05d9\u05d1\u05d5\u05e8 \u05d0\u05d5\u05d8\u05d5\u05de\u05d8\u05d9 \u05dc\u05de\u05d9\u05d9\u05dc/\u05e4\u05d9\u05d9\u05d1\u05e1\u05d5\u05e7 \u05ea\u05e4\u05d9\u05e6\u05d5 \u05d0\u05ea\u05dd \u05d4\u05d5\u05d3\u05e2\u05d5\u05ea \u05db\u05d3\u05d5\u05d2\u05de\u05ea:\r\n\"\u05d6\u05d5\u05d4\u05d9 \u05d4\u05d5\u05d3\u05e2\u05d4 \u05e2\u05d5\u05d3 \u05dc\u05d0 \u05d0\u05d5\u05d8\u05d5\u05de\u05d8\u05d9\u05ea \u05de\u05d4\u05d0\u05ea\u05e8 \u05e9\u05dc \u05d4\u05d2\u05e9\u05de\u05d4 \u05e6\u05d9\u05d1\u05d5\u05e8\u05d9\u05ea.\r\n\u05e0\u05d5\u05e1\u05e4\u05d5 \u05e9\u05ea\u05d9 \u05ea\u05d2\u05d5\u05d1\u05d5\u05ea \u05d1\u05d3\u05d9\u05d5\u05df \u05d4\u05d1\u05d0:\r\nhttp://kuterless.org.il/labs/coplay/30/details/\r\n\u05db\u05d3\u05d9 \u05dc\u05d4\u05d2\u05d9\u05d1 \u05d0\u05d5 \u05dc\u05e7\u05d7\u05ea \u05de\u05e9\u05d9\u05de\u05d5\u05ea \u05d9\u05e9 \u05dc\u05d4\u05d9\u05e8\u05e9\u05dd \u05ea\u05d7\u05d9\u05dc\u05d4 \u05dc\u05d0\u05ea\u05e8:\r\nhttp://kuterless.org.il/public_fulfillment/register/\r\n\r\n\u05e7\u05d5\u05d8\u05e8\u05dc\u05e1 - \u05de\u05d4 \u05dc\u05e2\u05e9\u05d5\u05ea? \u05dc\u05e2\u05e9\u05d5\u05ea !\r\n\r\n\u05de\u05db\u05d9\u05d5\u05d5\u05df \u05d5\u05d6\u05d5 \u05d0\u05d9\u05e0\u05e0\u05d4 \u05d4\u05d5\u05d3\u05e2\u05d4 \u05d0\u05d5\u05d8\u05d5\u05de\u05d8\u05d9\u05ea, \u05db\u05d5\u05dc\u05dd \u05de\u05d5\u05d6\u05de\u05e0\u05d9\u05dd \u05dc\u05e2\u05e0\u05d5\u05ea\r\n\"", "updated_at": "2014-01-29T09:35:25.369Z", "title": "\u05d1\u05d3\u05d9\u05e7\u05d5\u05ea  \u05d5\u05d4\u05de\u05dc\u05e6\u05d5\u05ea \u05e9\u05dc \u05d4\u05d0\u05ea\u05e8 \u05d4\u05d6\u05d4"}}, {"pk": 18, "model": "coplay.discussion", "fields": {"owner": 3, "created_at": "2014-01-15T08:01:48.337Z", "description": "\u05d0\u05e0\u05d9 \u05d5\u05d1\u05d5\u05e0\u05d9 \u05e2\u05d5\u05de\u05d3\u05d9\u05dd \u05dc\u05d4\u05d9\u05e4\u05d2\u05e9 \u05e2\u05dd \u05d0\u05de\u05d9\u05e8 \u05db\u05d5\u05db\u05d1\u05d9 \u05d11030 (\u05e1\u05d2\u05df \u05e8\u05d0\u05e9 \u05d4\u05e2\u05d9\u05e8)\r\n\u05d4\u05de\u05d8\u05e8\u05d4 \u05e9\u05dc\u05e0\u05d5 \u05d4\u05d9\u05d0 \u05dc\u05d4\u05e6\u05d9\u05e2 \u05dc\u05d4\u05dd \u05e9\u05d9\u05de\u05d5\u05e9 \u05d1\u05d0\u05ea\u05e8 \u05db\u05d3\u05d9 \u05dc\u05e7\u05d3\u05dd \u05e4\u05e2\u05d9\u05dc\u05d5\u05d9\u05d5\u05ea \u05d1\u05e9\u05d9\u05ea\u05d5\u05e3 \u05d4\u05e6\u05d9\u05d1\u05d5\u05e8.\r\n\u05d5\u05dc\u05d4\u05ea\u05d7\u05d9\u05dc \u05dc\u05d4\u05d9\u05d5\u05ea \u05d1\u05e7\u05e9\u05e8 \u05d4\u05d3\u05d5\u05e7 \u05db\u05d3\u05d9 \u05dc\u05dc\u05de\u05d5\u05d3 \u05d4\u05e6\u05e8\u05db\u05d9\u05dd (\u05d2\u05dd) \u05e9\u05dc\u05d4\u05dd \u05d1\u05e0\u05d5\u05e9\u05d0 \u05d4\u05d6\u05d4 \u05d5\u05dc\u05ea\u05e2\u05d3\u05e3 \u05d1\u05d4\u05ea\u05d0\u05dd \u05d0\u05ea \u05d4\u05d2\u05e8\u05e1\u05d0\u05d5\u05ea \u05d4\u05d1\u05d0\u05d5\u05ea.\r\n\u05d4\u05d4\u05e0\u05d7\u05d4 \u05d4\u05d9\u05d0 \u05e9\u05e9\u05d9\u05ea\u05d5\u05e3 \u05d4\u05ea\u05d5\u05e9\u05d1\u05d9\u05dd \u05d1\u05d9\u05d5\u05d6\u05de\u05d5\u05ea \u05e9\u05d1\u05d0\u05ea\u05e8 \u05ea\u05d1\u05d9\u05d0 \u05dc\u05e4\u05e2\u05d9\u05dc\u05d5\u05ea - \u05d5\u05e2\u05e9\u05d9\u05d9\u05d4\r\n\u05e0\u05e9\u05de\u05d7 \u05e9\u05ea\u05d9\u05d9\u05e2\u05e6\u05d5 \u05d5\u05ea\u05e1\u05d9\u05e2\u05d5 \u05dc\u05e0\u05d5 \u05d1\u05e4\u05e2\u05d9\u05dc\u05d5\u05ea \u05d4\u05d6\u05d5", "updated_at": "2014-01-15T08:04:19.350Z", "title": "\u05d4\u05ea\u05d7\u05dc\u05ea \u05de\u05d2\u05e2\u05d9\u05dd \u05e2\u05dd \u05e2\u05d9\u05e8\u05d9\u05ea \u05d4\u05d5\u05d3 \u05d4\u05e9\u05e8\u05d5\u05df"}}, {"pk": 19, "model": "coplay.discussion", "fields": {"owner": 2, "created_at": "2014-01-16T09:08:17.519Z", "description": "\u05d4\u05e6\u05e2\u05ea\u05d9 \u05dc\u05e1\u05d2\u05e0\u05d9\u05ea \u05d0\u05d2\u05e3 \u05d4\u05e8\u05d5\u05d5\u05d7\u05d4 \u05d1\u05e2\u05d9\u05e8\u05d9\u05d9\u05ea \u05e0\u05ea\u05e0\u05d9\u05d4 \u05dc\u05e9\u05ea\u05e3 \u05e4\u05e2\u05d5\u05dc\u05d4 \u05d0\u05ea\u05e0\u05d5. \u05d4\u05d9\u05d0 \u05e0\u05e2\u05e0\u05ea\u05d4 \u05d1\u05d7\u05d9\u05d5\u05d1 \u05e9\u05d4\u05d9\u05d0 \u05ea\u05e9\u05de\u05d7 \u05dc\u05d9\u05d4\u05e4\u05d2\u05e9 \u05d5\u05dc\u05d7\u05e9\u05d5\u05d1 \u05d1\u05d9\u05d7\u05d3. \u05de\u05d4 \u05d0\u05ea\u05dd \u05de\u05e6\u05d9\u05e2\u05d9\u05dd \u05e9\u05e0\u05e2\u05dc\u05d4 \u05db\u05e0\u05d5\u05e9\u05d0 \u05dc\u05e9\u05ea\u05d5\u05e3 \u05e4\u05e2\u05d5\u05dc\u05d4?", "updated_at": "2014-01-16T09:09:20.190Z", "title": "\u05e9\u05ea\u05d5\u05e3 \u05e4\u05e2\u05d5\u05dc\u05d4 \u05e2\u05dd \u05d0\u05d2\u05e3 \u05d4\u05e8\u05d5\u05d5\u05d7\u05d4 \u05e9\u05dc \u05e2\u05d9\u05e8\u05d9\u05d9\u05ea \u05e0\u05ea\u05e0\u05d9\u05d4"}}, {"pk": 20, "model": "coplay.discussion", "fields": {"owner": 2, "created_at": "2014-01-16T09:35:36.243Z", "description": "\u05e9\u05e0\u05d9 \u05d7\u05d1\u05e8\u05d9\u05dd \u05d9\u05d5\u05e9\u05d1\u05d9\u05dd \u05e2\u05dc \u05e1\u05e4\u05e1\u05dc \u05d1\u05df \u05e6\u05d9\u05d1\u05d5\u05e8\u05d9. \u05d0\u05d7\u05d3 \u05de\u05d4\u05dd \u05de\u05e2\u05d9\u05d9\u05df \u05d1\u05e2\u05d9\u05ea\u05d5\u05df \u05d5\u05de\u05ea\u05d7\u05d9\u05dc \u05dc\u05e7\u05d8\u05e8 \u05e2\u05dc \u05e2\u05e0\u05d9\u05d9\u05e0\u05d9 \u05d4\u05d9\u05d5\u05dd.\r\n\u05dc\u05e4\u05ea\u05e2 \u05de\u05d5\u05e4\u05d9\u05e2 \u05db\u05dc\u05d1 \u05d4\u05e0\u05e2\u05de\u05d3 \u05de\u05d5\u05dc \u05d4\u05de\u05e7\u05d8\u05e8 \u05d5\u05de\u05ea\u05d7\u05d9\u05dc \u05dc\u05e0\u05d1\u05d5\u05d7 \u05dc\u05dc\u05d0 \u05d4\u05e4\u05e1\u05e7\u05d4, \u05d1\u05d6\u05de\u05df \u05e9\u05d7\u05d1\u05e8 \u05de\u05e7\u05d8\u05e8.\r\n\u05d1\u05e2\u05dc \u05d4\u05db\u05dc\u05d1 \u05de\u05d5\u05e9\u05da \u05d0\u05ea \u05d4\u05db\u05dc\u05d1 \u05d1\u05e8\u05e6\u05d5\u05e2\u05d4 \u05d5\u05e7\u05d5\u05e8\u05d0 \u05dc\u05d5 \"\u05e7\u05d5\u05d8\u05e8\u05dc\u05e1 \u05d1\u05d5\u05d0\".\r\n\u05d4\u05d1\u05d7\u05d5\u05e8 \u05d4\u05de\u05ea\u05dc\u05d5\u05e0\u05df \u05e2\u05dd \u05d4\u05e2\u05d9\u05ea\u05d5\u05df \u05e9\u05d5\u05d0\u05dc \u05d1\u05ea\u05de\u05d9\u05d4\u05d4 \"\u05e7\u05d5\u05d8\u05e8\u05dc\u05e1? \u05db\u05da \u05d4\u05d5\u05d0 \u05e7\u05d5\u05e8\u05d0 \u05dc\u05db\u05dc\u05d1 \u05e9\u05dc\u05d5.\"\r\n\u05d7\u05d1\u05e8\u05d5 \u05d0\u05d5\u05de\u05e8 \u05dc\u05d5 \"\u05ea\u05e4\u05e1\u05d9\u05e7 \u05dc\u05e7\u05d8\u05e8, \u05e7\u05d5\u05d8\u05e8 \u05dc\u05e1 \u05d6\u05d4 \u05d1\u05dc\u05d9 \u05e7\u05d9\u05d8\u05d5\u05e8\u05d9\u05dd\". \u05d4\u05d7\u05d1\u05e8 \u05d4\u05de\u05e7\u05d8\u05e8 \u05de\u05e4\u05e0\u05d4 \u05de\u05d1\u05d8\u05d5 \u05dc\u05e2\u05d1\u05e8 \u05d4\u05db\u05dc\u05d1 \u05d5\u05d1\u05e2\u05dc\u05d9\u05d5 \u05d4\u05de\u05ea\u05e8\u05d7\u05e7\u05d9\u05dd \u05d5\u05d0\u05d5\u05de\u05e8 \"\u05de\u05e4\u05e1\u05d9\u05e7\u05d9\u05dd \u05dc\u05e7\u05d8\u05e8 \u05d5\u05de\u05ea\u05d7\u05d9\u05dc\u05d9\u05dd \u05dc\u05e2\u05e9\u05d5\u05ea\". \u05d4\u05de\u05e6\u05dc\u05de\u05d4 \u05e2\u05d5\u05d1\u05e8 \u05dc\u05e6\u05dc\u05dd \u05d0\u05ea \u05d4\u05d2\u05d1 \u05e9\u05dc \u05d1\u05e2\u05dc \u05d4\u05db\u05dc\u05d1 \u05e9\u05d4\u05d5\u05dc\u05da \u05e2\u05dd \u05db\u05dc\u05d1\u05d5 \u05d1\u05e9\u05d3\u05e8\u05d4 \u05d5\u05e2\u05dc \u05d4\u05d2\u05d1 \u05d4\u05d7\u05d5\u05dc\u05e6\u05d4 \u05db\u05ea\u05d5\u05d1 \"\u05de\u05e4\u05e1\u05d9\u05e7\u05d9\u05dd \u05dc\u05e7\u05d8\u05e8 \u05de\u05ea\u05d7\u05d9\u05dc\u05d9\u05dd \u05dc\u05e2\u05e9\u05d5\u05ea Kuterless.org.il.\r\n\u05de\u05d4 \u05d0\u05ea\u05dd \u05d0\u05d5\u05de\u05e8\u05d9\u05dd? \u05e8\u05e2\u05d9\u05d5\u05e0\u05d5\u05ea \u05dc\u05e9\u05d9\u05e4\u05d5\u05e8?", "updated_at": "2014-01-16T09:35:36.243Z", "title": "\u05ea\u05e1\u05e8\u05d9\u05d8 \u05dc\u05e1\u05e8\u05d8\u05d5\u05df \"\u05d4\u05db\u05dc\u05d1 \u05e7\u05d5\u05d8\u05e8\u05dc\u05e1\""}}, {"pk": 21, "model": "coplay.discussion", "fields": {"owner": 36, "created_at": "2014-01-16T12:05:01.562Z", "description": "\u05db\u05de\u05d4 \u05e9\u05d9\u05d5\u05ea\u05e8, \u05d5\u05db\u05de\u05d4 \u05e9\u05d9\u05d5\u05ea\u05e8 \u05de\u05d4\u05e8!!\r\n\u05d0\u05e0\u05d7\u05e0\u05d5 \u05de\u05d7\u05e4\u05e9\u05d9\u05dd \u05ea\u05d5\u05e8\u05de\u05d9\u05dd \u05e9\u05d9\u05db\u05d5\u05dc\u05d9\u05dd \u05dc\u05e9\u05d9\u05dd 200K$ \u05db\u05dc \u05d0\u05d7\u05d3.\r\n\u05d4\u05ea\u05d5\u05e8\u05dd \u05d4\u05e4\u05d5\u05d8\u05e0\u05e6\u05d9\u05d0\u05dc\u05d9 \u05e8\u05d5\u05e6\u05d4 \u05dc\u05e9\u05e0\u05d5\u05ea \u05d0\u05ea \u05d4\u05e2\u05d5\u05dc\u05dd, \u05d5\u05d1\u05e2\u05dc \u05d4\u05d1\u05e0\u05d4 \u05e9\u05dc \u05d4\u05e2\u05d5\u05dc\u05dd \u05d4\u05d8\u05db\u05e0\u05d5\u05dc\u05d5\u05d2\u05d9.\r\n\u05de\u05d9 \u05e9\u05de\u05db\u05d9\u05e8, \u05d0\u05d5 \u05e9\u05de\u05db\u05d9\u05e8  \u05de\u05d9\u05e9\u05d4\u05d5 \u05e9\u05d9\u05db\u05d5\u05dc \u05dc\u05d4\u05db\u05d9\u05e8, \u05e9\u05d9\u05e2\u05d1\u05d9\u05e8 \u05dc\u05d9.\r\n", "updated_at": "2014-01-16T12:05:01.562Z", "title": "\u05d2\u05d9\u05d5\u05e1 \u05db\u05e1\u05e4\u05d9\u05dd \u05dc\u05e7\u05d4\u05d9\u05dc\u05d4 \u05e4\u05ea\u05d5\u05d7\u05d4"}}, {"pk": 23, "model": "coplay.discussion", "fields": {"owner": 3, "created_at": "2014-01-20T16:10:34.122Z", "description": "\u05d6\u05d4 \u05d4\u05e8\u05e2\u05d9\u05d5\u05df \u05e9\u05dc\u05d9.....\r\n\u05d0\u05e9\u05de\u05d7 \u05dc\u05d7\u05d5\u05d5\u05ea \u05d3\u05e2\u05ea \u05d5\u05dc\u05d4\u05ea\u05d7\u05d9\u05dc \u05dc\u05e2\u05d1\u05d5\u05d3 \u05e2\u05dc \u05d4\u05e0\u05d5\u05e9\u05d0 \u05e2\u05dd \u05de\u05d9\u05e9\u05d4\u05d5", "updated_at": "2014-01-20T19:27:30.049Z", "title": "\u05d1\u05e7\u05e8\u05d4 \r\n\u05e2\u05dc \u05d4\u05ea\u05db\u05e0\u05d9\u05dd \u05d1\u05e7\u05d1\u05d5\u05e6\u05d5\u05ea \u05e4\u05d9\u05e1\u05d1\u05d5\u05e7"}}, {"pk": 24, "model": "coplay.discussion", "fields": {"owner": 31, "created_at": "2014-01-24T18:08:44.054Z", "description": "\u05d4\u05de\u05d8\u05e8\u05d4 \u05d4\u05d9\u05d0 \u05dc\u05e7\u05d3\u05dd \u05e1\u05d3\u05e0\u05d0\u05d5\u05ea \u05dc\u05d2\u05d9\u05e0\u05d5\u05df \u05e2\u05d9\u05e8\u05d5\u05e0\u05d9 \u05dc\u05db\u05dc \u05d4\u05d2\u05d9\u05e0\u05d5\u05ea \u05d4\u05e7\u05d4\u05d9\u05dc\u05ea\u05d9\u05d5\u05ea \u05d1\u05e2\u05e8\u05d9\u05dd. \u05de\u05d9 \u05e8\u05d5\u05e6\u05d4 \u05dc\u05d4\u05e6\u05d8\u05e8\u05e3 \u05dc\u05e1\u05d3\u05e0\u05d0 \u05d4\u05e7\u05e8\u05d5\u05d1\u05d4? \u05e2\u05d3 15 \u05de\u05e9\u05ea\u05ea\u05e4\u05d9\u05dd", "updated_at": "2014-01-27T17:04:15.411Z", "title": "\u05d2\u05d9\u05e0\u05d5\u05df \u05e2\u05d9\u05e8\u05d5\u05e0\u05d9"}}, {"pk": 25, "model": "coplay.discussion", "fields": {"owner": 2, "created_at": "2014-01-25T07:19:14.128Z", "description": "\u05e7\u05de\u05e4\u05d9\u05d9\u05df \u05d4\u05e2\u05dd \u05d1\u05d5\u05d7\u05e8 \u05e0\u05e9\u05d9\u05d0", "updated_at": "2014-01-26T15:13:26.090Z", "title": "\u05de\u05d7\u05e7\u05e8 \u05d1\u05d7\u05d5\u05db\u05de\u05ea \u05d4\u05d4\u05de\u05d5\u05e0\u05d9\u05dd"}}, {"pk": 26, "model": "coplay.discussion", "fields": {"owner": 3, "created_at": "2014-01-26T12:46:47.672Z", "description": "\u05d4\u05d9\u05d9.\r\n\u05d4\u05de\u05d5\u05df \u05d3\u05d9\u05d1\u05e8\u05e0\u05d5 \u05e2\u05dc \u05d4\u05d3\u05d1\u05e8 \u05d4\u05de\u05d9\u05d5\u05d7\u05d3 \u05d4\u05d6\u05d4 \u05e9\u05d0\u05d5\u05d3\u05d9 \u05d9\u05e6\u05e8 \u05d0\u05d9\u05ea\u05e0\u05d5.\r\n\u05e8\u05e7 \u05e0\u05e9\u05d0\u05e8 \u05dc\u05d4\u05de\u05e9\u05d9\u05da \u05dc\u05e2\u05d6\u05d5\u05e8 \u05d0\u05d7\u05d3 \u05dc\u05e9\u05e0\u05d9 \u05d5\"\u05dc\u05d4\u05e4\u05d9\u05e5 \u05d0\u05ea \u05d4\u05d1\u05e9\u05d5\u05e8\u05d4\"\r\n\u05d0\u05e0\u05d9 \u05de\u05e9\u05d5\u05d7\u05d7 \u05e2\u05dd \u05d0\u05e0\u05e9\u05d9\u05dd \u05d5\u05de\u05e1\u05e4\u05e8 \u05e2\u05dc \u05d4\u05e4\u05e8\u05d5\u05d9\u05e7\u05d8\u05d9\u05dd \u05e9\u05e2\u05e9\u05d9\u05ea\u05dd.\r\n\u05d0\u05d1\u05dc \u05d0\u05d9\u05df \u05dc\u05d9 \u05d0\u05ea \u05d4\u05e7\u05d9\u05e9\u05d5\u05e8\u05d9\u05dd \u05dc\u05d0\u05ea\u05e8\u05d9\u05dd \u05e9\u05d9\u05e6\u05e8\u05ea\u05dd.\r\n\u05d4\u05d0\u05ea\u05e8 \u05e9\u05d1\u05e0\u05d9\u05ea\u05d9 \u05d4\u05d5\u05d0:\r\nwww.kuterless.org.il.\r\n\u05d1\u05d1\u05e7\u05e9\u05d4 \u05d4\u05d2\u05d9\u05d1\u05d5 \u05e2\u05dd \u05d4\u05e7\u05d9\u05e9\u05d5\u05e8\u05d9\u05dd \u05dc\u05d0\u05ea\u05e8\u05d9\u05dd \u05d5\u05dc\u05d9\u05e0\u05e7\u05d9\u05dd \u05d2\u05dd \u05dc\u05de\u05d9\u05d3\u05e2 \u05e2\u05dc\u05d9\u05d4\u05dd.\r\n\u05d5\u05d4\u05db\u05d9 \u05d7\u05e9\u05d5\u05d1, \u05d4\u05e8\u05d2\u05d9\u05e9\u05d5 \u05d7\u05d5\u05e4\u05e9\u05d9\u05d9\u05dd \u05dc\u05ea\u05ea \u05db\u05dc \u05de\u05e9\u05d5\u05d1 \u05e9\u05d9\u05e2\u05e9\u05d4 \u05d0\u05ea \u05d6\u05d4 \u05d4\u05e8\u05d1\u05d4 \u05d9\u05d5\u05ea\u05e8 \u05d8\u05d5\u05d1 \u05de\u05e9\u05d0\u05e0\u05d9 \u05de\u05e6\u05d9\u05e2\r\n\r\n\u05e6\u05d7\u05d9\r\n", "updated_at": "2014-01-26T12:46:47.672Z", "title": "\u05d4\u05e4\u05e6\u05d4 \u05d5\u05e7\u05d9\u05d3\u05d5\u05dd \u05e9\u05dc \u05d4\u05e4\u05e8\u05d5\u05d9\u05e7\u05d8\u05d9\u05dd \u05e9\u05dc\u05e0\u05d5 (\"\u05d4\u05db\u05d9\u05ea\u05d4\" \u05e1\u05ea\u05d9\u05d5 2013)"}}, {"pk": 28, "model": "coplay.discussion", "fields": {"owner": 3, "created_at": "2014-01-26T23:12:59.701Z", "description": "\u05d0\u05e0\u05d9 \u05de\u05ea\u05dc\u05d1\u05d8 \u05d1\u05d9\u05de\u05d9\u05dd \u05d4\u05d0\u05dc\u05d4 \u05d1\u05e9\u05d0\u05dc\u05d5\u05ea \u05e8\u05e6\u05d9\u05e0\u05d9\u05d5\u05ea \u05dc\u05d2\u05d1\u05d9 \u05d4\u05e4\u05e8\u05d5\u05d9\u05e7\u05d8 \u05d5\u05d2\u05dd \u05dc\u05d2\u05d1\u05d9 \u05e9\u05d9\u05e0\u05d5\u05d9 \u05d4\u05e7\u05e8\u05d9\u05d9\u05e8\u05d4 \u05e9\u05d0\u05e0\u05d9 \u05de\u05d1\u05e6\u05e2.\r\n\u05dc\u05d0 \u05ea\u05db\u05e0\u05e0\u05ea\u05d9 \u05dc\u05d4\u05ea\u05e2\u05e9\u05e8 \u05de\u05d4\u05d2\u05e9\u05de\u05d4 \u05e6\u05d9\u05d1\u05d5\u05e8\u05d9\u05ea \u05d0\u05dc\u05d0 \u05d4\u05dc\u05db\u05ea\u05d9 \u05d0\u05d7\u05e8\u05d9 \u05d4\u05dc\u05d1. \u05d1\u05e8\u05d5\u05e8 \u05dc\u05d9 \u05e9\u05d4\u05e4\u05e8\u05d5\u05d9\u05e7\u05d8 \u05d4\u05d6\u05d4 \u05d4\u05d5\u05d0 \u05d1\u05d3\u05d9\u05d5\u05e7 \u05de\u05d4 \u05e9\u05d0\u05e0\u05d9 \u05e8\u05d5\u05e6\u05d4 \u05dc\u05e2\u05e9\u05d5\u05ea!\r\n\u05d4\u05d7\u05d6\u05d5\u05df \u05e9\u05dc \u05d0\u05d6\u05e8\u05d7\u05d9\u05dd \u05e9\u05dc\u05d5\u05e7\u05d7\u05d9\u05dd \u05d0\u05d7\u05e8\u05d9\u05d5\u05ea \u05dc\u05de\u05d4 \u05e9\u05e7\u05d5\u05e8\u05d4 - \u05db\u05d1\u05e8 \u05e4\u05d4. \u05d4\u05d0\u05ea\u05e8 \u05d4\u05d6\u05d4 \u05db\u05d1\u05e8 \u05de\u05db\u05d9\u05dc \u05d0\u05ea \u05d4\u05d2\u05e8\u05e2\u05d9\u05df \u05dc\u05de\u05d4 \u05e9\u05d9\u05e6\u05d5\u05e8 \u05d0\u05ea \u05d4\u05e9\u05d9\u05e0\u05d5\u05d9. \u05d0\u05d7\u05e8\u05d9\u05d5\u05ea \u05d6\u05d4 \u05dc\u05e1\u05e4\u05e7 \u05db\u05de\u05d4 \u05e9\u05d9\u05d5\u05ea\u05e8 \u05de\u05d4\u05e8 \u05ea\u05e9\u05ea\u05d9\u05ea \u05dc\u05d4\u05de\u05d5\u05df \u05e4\u05e8\u05d5\u05d9\u05e7\u05d8\u05d9\u05dd \u05d7\u05e9\u05d5\u05d1\u05d9\u05dd \u05e9\u05d9\u05e7\u05d5\u05d3\u05de\u05d5 \u05d1\u05d5. \u05d4\u05d6\u05de\u05df \u05d6\u05d4 \u05e2\u05db\u05e9\u05d9\u05d5. \u05d0\u05e0\u05d9 \u05e8\u05d5\u05e6\u05d4 \u05dc\u05e7\u05d7\u05ea \u05d0\u05d7\u05e8\u05d9\u05d5\u05ea \u05d2\u05dd \u05e2\u05dc \u05d4\u05de\u05e9\u05e4\u05d7\u05d4 \u05e9\u05dc\u05d9 \u05d5\u05dc\u05d2\u05d9\u05d9\u05e1 \u05db\u05e1\u05e3 \u05dc\u05e4\u05e8\u05d5\u05d9\u05e7\u05d8 \u05e9\u05d9\u05d0\u05e4\u05e9\u05e8 \u05dc\u05de\u05de\u05df \u05d0\u05ea \u05d4\u05d6\u05de\u05df \u05e9\u05dc\u05d9 \u05db\u05d3\u05d9 \u05e9\u05d0\u05d5\u05db\u05dc \u05dc\u05e4\u05e2\u05d5\u05dc \u05d1:\r\n1 - \u05e7\u05d9\u05d3\u05d5\u05d3\r\n2 - \u05ea\u05d9\u05d0\u05d5\u05dd \u05d4\u05e4\u05d9\u05ea\u05d5\u05d7 \u05de\u05d5\u05dc \u05de\u05ea\u05e0\u05d3\u05d1\u05d9\u05dd \u05d0\u05d7\u05e8\u05d9\u05dd \u05d5\u05e7\u05d1\u05dc\u05e0\u05d9 \u05de\u05e9\u05e0\u05d4\r\n3 - \u05d9\u05e6\u05d9\u05e8\u05ea \u05d7\u05d9\u05d1\u05d5\u05e8\u05d9\u05dd \u05e2\u05dd \u05e4\u05e2\u05d9\u05dc\u05d9\u05dd \u05d7\u05d1\u05e8\u05ea\u05d9\u05d9\u05dd \u05d5\u05de\u05de\u05e9\u05dc\r\n4 - \u05e2\u05d1\u05d5\u05d3\u05d4 \u05d2\u05dd \u05de\u05d4\u05de\u05e8\u05db\u05d6 \u05d1\u05d9\u05e8\u05d5\u05e9\u05dc\u05d9\u05dd \u05d5\u05e1\u05d9\u05d5\u05e2 \u05d1\u05e4\u05d9\u05ea\u05d5\u05d7\u05d5\r\n5 - \u05d4\u05e8\u05e6\u05d0\u05d5\u05ea \u05d1\u05e8\u05d7\u05d1\u05d9 \u05d4\u05d0\u05e8\u05e5 \u05db\u05d3\u05d9 \u05dc\u05d4\u05e2\u05e6\u05d9\u05dd \u05d0\u05d6\u05e8\u05d7\u05d9\u05dd \u05dc\u05d4\u05e9\u05ea\u05de\u05e9 \u05d1\u05d4\u05d2\u05e9\u05de\u05d4 \u05e6\u05d9\u05d1\u05d5\u05e8\u05d9\u05ea \u05db\u05d3\u05d9 \u05e9\u05e0\u05d9\u05d9\u05e6\u05e8 \u05e4\u05ea\u05e8\u05d5\u05e0\u05d5\u05ea \u05dc\u05d0\u05ea\u05d2\u05e8\u05d9\u05dd \u05e9\u05d9\u05e9 \u05dc\u05db\u05d5\u05dc\u05e0\u05d5 \u05d5\u05dc\u05e9\u05e4\u05e8 \u05d0\u05ea \u05d4\u05d7\u05d9\u05d9\u05dd \u05e9\u05dc\u05e0\u05d5 \u05e4\u05d4.\r\n\u05d9\u05e9 \u05e4\u05d4 \u05d4\u05d6\u05d3\u05de\u05e0\u05d5\u05ea \"\u05dc\u05e9\u05d9\u05dd \u05d0\u05ea \u05d4\u05d1\u05d9\u05e6\u05d9\u05dd \u05d1\u05e1\u05dc \u05d0\u05d7\u05d3\" \u05d5\u05e4\u05e9\u05d5\u05d8 \u05dc\u05d4\u05de\u05e9\u05d9\u05da \u05dc\u05e1\u05e4\u05e7 \u05d0\u05ea \u05d4\u05e1\u05d7\u05d5\u05e8\u05d4. \u05d0\u05d6 \u05d0\u05e0\u05d9 \u05de\u05d1\u05e7\u05e9 \u05d0\u05ea \u05d4\u05e2\u05d6\u05e8\u05d4 \u05e9\u05dc\u05db\u05dd \u05dc\u05d2\u05d1\u05e9 \u05ea\u05d5\u05db\u05e0\u05d9\u05ea \u05e4\u05e2\u05d5\u05dc\u05d4 \u05dc\u05d4\u05e2\u05e8\u05db\u05ea \u05e2\u05dc\u05d5\u05d9\u05d5\u05ea \u05d5\u05d4\u05e9\u05d2\u05ea \u05de\u05d9\u05de\u05d5\u05df \u05e2\u05d1\u05d5\u05e8 \u05d4\u05d6\u05de\u05df \u05e9\u05dc\u05d9.", "updated_at": "2014-01-26T23:12:59.701Z", "title": "\u05d2\u05d9\u05d1\u05d5\u05e9 \u05d5\u05de\u05d9\u05de\u05d5\u05df \u05dc\u05e4\u05d9\u05ea\u05d5\u05d7 \u05d4\u05d0\u05ea\u05e8 \u05d5\u05d1\u05e0\u05d9\u05ea \u05e7\u05d4\u05d9\u05dc\u05ea \u05d4\u05de\u05e9\u05ea\u05de\u05e9\u05d9\u05dd \u05e9\u05dc\u05d5"}}, {"pk": 29, "model": "coplay.discussion", "fields": {"owner": 2, "created_at": "2014-01-27T09:09:03.048Z", "description": "\u05de\u05d4 \u05de\u05e0\u05d9\u05e2 \u05de\u05e4\u05ea\u05d7\u05d9 \u05e7\u05d5\u05d3 \u05e4\u05ea\u05d5\u05d7? \u05dc\u05de\u05d4 \u05e7\u05d4\u05d9\u05dc\u05ea \u05d4\u05e7\u05d5\u05d3 \u05d4\u05e4\u05ea\u05d5\u05d7 \u05de\u05de\u05e9\u05d9\u05db\u05d4 \u05dc\u05d2\u05d3\u05d5\u05dc \u05d5\u05dc\u05d4\u05ea\u05e8\u05d7\u05d1? \u05d1\u05de\u05d4 \u05d6\u05d4 \u05e9\u05d5\u05e0\u05d4 \u05de Proprietary ?  \u05e9\u05d0\u05dc\u05d5\u05ea \u05d0\u05dc\u05d5 \u05d4\u05d5\u05d1\u05d9\u05dc\u05d5 \u05d0\u05d5\u05ea\u05d9 \u05dc\u05d7\u05e7\u05d5\u05e8 \u05d0\u05ea \u05d4\u05e4\u05d9\u05dc\u05d5\u05e1\u05d5\u05e4\u05d9\u05d4 \u05e9\u05de\u05d0\u05d7\u05d5\u05e8\u05d9 \u05d4\u05e7\u05d5\u05d3 \u05d4\u05e4\u05ea\u05d5\u05d7. \u05d4\u05de\u05e1\u05e7\u05e0\u05d4 \u05e9\u05dc\u05d9 \u05d4\u05d9\u05d5\u05dd \u05e9\u05d6\u05d4 \u05db\u05de\u05d5 \u05d4\u05d4\u05d1\u05d3\u05dc \u05d1\u05d9\u05df \u05de\u05e2\u05e8\u05db\u05ea \u05d7\u05d9\u05d4 \u05dc\u05de\u05db\u05d5\u05e0\u05d4.\r\n\u05d0\u05e9\u05de\u05d7 \u05dc\u05e7\u05d1\u05e5 \u05d0\u05e0\u05e9\u05d9\u05dd \u05e9\u05de\u05e2\u05d5\u05e0\u05d9\u05d9\u05e0\u05d9\u05dd \u05dc\u05d4\u05e7\u05e9\u05d9\u05d1 \u05dc\u05d4\u05e8\u05e6\u05d0\u05d4 \u05d5\u05dc\u05ea\u05ea \u05dc\u05d9 \u05d4\u05e2\u05e8\u05d5\u05ea.\r\n\u05e2\u05d5\u05d3 \u05e8\u05e2\u05d9\u05d5\u05e0\u05d5\u05ea \u05db\u05d9\u05e6\u05d3 \u05dc\u05e7\u05d3\u05dd \u05d6\u05d0\u05ea \u05d1\u05e7\u05d4\u05d9\u05dc\u05d5\u05ea \u05e7\u05d5\u05d3 \u05e4\u05ea\u05d5\u05d7?", "updated_at": "2014-01-27T09:09:03.048Z", "title": "\u05d4\u05e4\u05d9\u05dc\u05d5\u05e1\u05d5\u05e4\u05d9\u05d4 \u05e9\u05de\u05d0\u05d7\u05d5\u05e8\u05d9 \u05e7\u05d5\u05d3 \u05e4\u05ea\u05d5\u05d7"}}, {"pk": 30, "model": "coplay.discussion", "fields": {"owner": 31, "created_at": "2014-01-27T17:17:48.170Z", "description": "http://www.idi.org.il/%D7%AA%D7%97%D7%95%D7%9E%D7%99-%D7%A2%D7%99%D7%A1%D7%95%D7%A7-%D7%94%D7%9E%D7%9B%D7%95%D7%9F/%D7%97%D7%91%D7%A8%D7%94/%D7%9E%D7%97%D7%9C%D7%99%D7%98%D7%99%D7%9D-%D7%9B%D7%91%D7%95%D7%93-%D7%94%D7%90%D7%93%D7%9D\r\n\u05d4\u05d5\u05e1\u05ea\u05d9 \u05e7\u05d9\u05e9\u05d5\u05e8 \u05dc\u05ea\u05d4\u05dc\u05d9\u05da. \u05d1\u05e2\u05d9\u05e0\u05d9 \u05d7\u05e9\u05d5\u05d1 \u05e9\u05e0\u05e2\u05d1\u05d5\u05e8 \u05de\u05d3\u05d9\u05d0\u05dc\u05d5\u05d2 \u05dc\u05de\u05e2\u05e9\u05d4. \u05db\u05dc\u05d5\u05de\u05e8 \u05de\u05d4 \u05e2\u05d5\u05e9\u05d9\u05dd \u05de\u05d7\u05e8 \u05d1\u05d1\u05d5\u05e7\u05e8. \u05dc\u05d3\u05d5\u05d2\u05de\u05d0: \u05d9\u05e9 \u05dc\u05db\u05dd \u05e7\u05d1\u05d5\u05e6\u05ea \u05d7\u05d1\u05e8\u05d9\u05dd \u05e2\u05e8\u05db\u05d5 \u05de\u05e2\u05d2\u05dc \u05e9\u05dc \u05e9\u05d0\u05dc\u05d5\u05ea - \u05de\u05ea\u05d9 \u05d4\u05e8\u05d2\u05e9\u05ea\u05dd \u05d1\u05e4\u05d2\u05e2\u05ea\u05dd \u05d1\u05de\u05d9\u05e9\u05d4\u05d5? \u05d0\u05d5 \u05e0\u05e4\u05d2\u05e2\u05ea\u05dd? \u05d0\u05d5 \u05db\u05d9\u05d1\u05d3\u05d5 \u05d0\u05ea\u05db\u05dd? \u05d0\u05d5 \u05db\u05d9\u05d1\u05ea\u05d3\u05dd \u05d0\u05d7\u05e8\u05d9\u05dd.", "updated_at": "2014-02-01T12:19:05.645Z", "title": "\u05e7\u05d9\u05d3\u05d5\u05dd \u05e9\u05dc \u05e2\u05e8\u05da \u05db\u05d1\u05d5\u05d3 \u05d4\u05d0\u05d3\u05dd \u05d1\u05de\u05e2\u05d2\u05dc\u05d9 \u05d7\u05d9\u05d9\u05dd"}}, {"pk": 31, "model": "coplay.discussion", "fields": {"owner": 2, "created_at": "2014-01-28T17:56:24.540Z", "description": "\u05d4\u05e4\u05db\u05ea\u05d9 \u05d0\u05ea \u05d4\u05de\u05e6\u05d2\u05ea \u05dc\u05e1\u05e8\u05d8\u05d5\u05df \u05d5\u05d4\u05e4\u05e8\u05d5\u05d9\u05e7\u05d8 \u05de\u05ea\u05e7\u05d3\u05dd.\r\n\u05d2'\u05e0\u05d8\u05d4 \u05e2\u05d6\u05e8\u05d4 \u05d1\u05e2\u05e8\u05d9\u05db\u05d4, \u05e8\u05d1\u05d9\u05d3 \u05de\u05d5\u05e1\u05d9\u05e3 \u05de\u05d5\u05e1\u05d9\u05e7\u05d4.\r\n\u05d9\u05e9 \u05e2\u05d5\u05d3 \u05e8\u05e2\u05d9\u05d5\u05df?\r\n\u05e2\u05d9\u05d3\u05d5\u05d3 \u05d2\u05dd \u05d9\u05e2\u05d6\u05d5\u05e8.\r\n\u05d5\u05d0\u05e0\u05d7\u05e0\u05d5 \u05ea\u05de\u05d9\u05d3 \u05e9\u05de\u05d7\u05d9\u05dd \u05dc\u05e9\u05ea\u05e3 \u05e4\u05e2\u05d5\u05dc\u05d4.", "updated_at": "2014-01-28T17:56:24.540Z", "title": "\u05e1\u05e8\u05d8\u05d5\u05df \"\u05d4\u05e2\u05dd \u05d1\u05d5\u05d7\u05e8 \u05e0\u05e9\u05d9\u05d0\""}}, {"pk": 32, "model": "coplay.discussion", "fields": {"owner": 2, "created_at": "2014-01-28T18:03:41.486Z", "description": "\u05d0\u05e0\u05d9 \u05e8\u05d5\u05e6\u05d4 \u05dc\u05e9\u05dc\u05d5\u05d7 \u05d8\u05d5\u05e8 \u05d3\u05e2\u05d4 \u05dc\u05e2\u05ea\u05d5\u05e0\u05d5\u05ea.\r\n\u05d0\u05e9\u05de\u05d7 \u05dc\u05e7\u05d1\u05dc \u05e2\u05d6\u05e8\u05d4 \u05d1\u05d4\u05e2\u05e8\u05d5\u05ea \u05d5\u05ea\u05d2\u05d5\u05d1\u05d5\u05ea \u05dc\u05e4\u05e0\u05d9 \u05d4\u05e4\u05e8\u05e1\u05d5\u05dd.\r\nhttps://docs.google.com/document/d/17ZcjwbUiYIdDCNzNEVRh8dmkQRWBK4PrRm3uoPpUwtM/edit?usp=sharing", "updated_at": "2014-01-28T18:03:41.486Z", "title": "\u05d8\u05d5\u05e8 \u05d3\u05e2\u05d4 \"\u05d4\u05e2\u05dd \u05d1\u05d5\u05d7\u05e8 \u05e0\u05e9\u05d9\u05d0\""}}, {"pk": 33, "model": "coplay.discussion", "fields": {"owner": 3, "created_at": "2014-02-03T11:41:18.147Z", "description": "\u05e9\u05e9\u05db\r\n\u05e9\u05d2\u05db\r\n\u05e0\u05e9\u05d2\u05db\r\n\u05e0\r\n\u05e9\u05d2\u05db\u05e0\r\n", "updated_at": "2014-02-03T11:41:18.147Z", "title": "\u05de\u05e9\u05d4\u05d5 \u05dc\u05d1\u05d3\u05d9\u05e7\u05d5\u05ea"}}, {"pk": 34, "model": "coplay.discussion", "fields": {"owner": 3, "created_at": "2014-02-03T12:57:18.431Z", "description": "\u05d9\u05df\u05dd\u05e3\u05e0\u05e3\u05dc\u05d7\u05e0", "updated_at": "2014-02-03T14:41:49.251Z", "title": "\u05de\u05e9\u05d4\u05d5 \u05e7\u05d8\u05df \u05dc\u05d1\u05d3\u05d9\u05e7\u05d5\u05ea"}}, {"pk": 1, "model": "coplay.feedback", "fields": {"created_at": "2014-01-06T00:42:41.224Z", "updated_at": "2014-01-06T00:42:41.224Z", "content": "very good", "user": 3, "feedbabk_type": 1, "discussion": 1}}, {"pk": 2, "model": "coplay.feedback", "fields": {"created_at": "2014-01-06T00:42:56.285Z", "updated_at": "2014-01-06T00:42:56.285Z", "content": "i can help", "user": 3, "feedbabk_type": 2, "discussion": 1}}, {"pk": 3, "model": "coplay.feedback", "fields": {"created_at": "2014-01-06T00:43:18.326Z", "updated_at": "2014-01-06T00:43:18.326Z", "content": "you are not clear", "user": 3, "feedbabk_type": 3, "discussion": 1}}, {"pk": 4, "model": "coplay.feedback", "fields": {"created_at": "2014-01-06T00:45:35.638Z", "updated_at": "2014-01-06T00:45:35.638Z", "content": "this is my advice", "user": 4, "feedbabk_type": 4, "discussion": 1}}, {"pk": 5, "model": "coplay.feedback", "fields": {"created_at": "2014-01-06T00:52:57.657Z", "updated_at": "2014-01-06T00:52:57.658Z", "content": "i also like it", "user": 2, "feedbabk_type": 1, "discussion": 1}}, {"pk": 6, "model": "coplay.feedback", "fields": {"created_at": "2014-01-06T07:57:31.912Z", "updated_at": "2014-01-06T07:57:31.912Z", "content": "Translate into hebrew", "user": 5, "feedbabk_type": 4, "discussion": 2}}, {"pk": 7, "model": "coplay.feedback", "fields": {"created_at": "2014-01-06T08:05:31.359Z", "updated_at": "2014-01-06T08:05:31.360Z", "content": "great idea", "user": 5, "feedbabk_type": 1, "discussion": 2}}, {"pk": 8, "model": "coplay.feedback", "fields": {"created_at": "2014-01-06T08:22:39.125Z", "updated_at": "2014-01-06T08:22:39.125Z", "content": "make a better design", "user": 5, "feedbabk_type": 3, "discussion": 2}}, {"pk": 9, "model": "coplay.feedback", "fields": {"created_at": "2014-01-06T09:24:22.394Z", "updated_at": "2014-01-06T09:24:22.394Z", "content": "\u05e9\u05d9\u05ea\u05d5\u05e3 \u05e4\u05e2\u05d5\u05dc\u05d4", "user": 5, "feedbabk_type": 2, "discussion": 2}}, {"pk": 10, "model": "coplay.feedback", "fields": {"created_at": "2014-01-06T09:37:06.086Z", "updated_at": "2014-01-06T09:37:06.086Z", "content": "good job", "user": 5, "feedbabk_type": 1, "discussion": 2}}, {"pk": 11, "model": "coplay.feedback", "fields": {"created_at": "2014-01-06T13:25:55.308Z", "updated_at": "2014-01-06T13:25:55.308Z", "content": "very good :)", "user": 5, "feedbabk_type": 1, "discussion": 2}}, {"pk": 12, "model": "coplay.feedback", "fields": {"created_at": "2014-01-06T14:26:17.366Z", "updated_at": "2014-01-06T14:26:17.366Z", "content": "i can help", "user": 5, "feedbabk_type": 2, "discussion": 1}}, {"pk": 13, "model": "coplay.feedback", "fields": {"created_at": "2014-01-06T17:58:11.234Z", "updated_at": "2014-01-06T17:58:11.234Z", "content": "very good", "user": 2, "feedbabk_type": 1, "discussion": 2}}, {"pk": 14, "model": "coplay.feedback", "fields": {"created_at": "2014-01-06T18:54:21.211Z", "updated_at": "2014-01-06T18:54:21.211Z", "content": "well done", "user": 10, "feedbabk_type": 1, "discussion": 2}}, {"pk": 15, "model": "coplay.feedback", "fields": {"created_at": "2014-01-08T09:39:58.328Z", "updated_at": "2014-01-08T09:39:58.328Z", "content": "I will help you :) ", "user": 6, "feedbabk_type": 1, "discussion": 2}}, {"pk": 16, "model": "coplay.feedback", "fields": {"created_at": "2014-01-11T09:02:05.439Z", "updated_at": "2014-01-11T09:02:05.439Z", "content": "\u05db\u05dc \u05d4\u05db\u05d1\u05d5\u05d3 \u05e9\u05d0\u05ea\u05d4 \u05de\u05e0\u05e1\u05d4 \u05dc\u05d4\u05d5\u05e6\u05d9\u05d0 \u05d0\u05ea\u05e8 \u05dc\u05e4\u05d5\u05e2\u05dc", "user": 14, "feedbabk_type": 1, "discussion": 2}}, {"pk": 17, "model": "coplay.feedback", "fields": {"created_at": "2014-01-11T09:03:38.998Z", "updated_at": "2014-01-11T09:03:38.998Z", "content": "\u05d0\u05e0\u05d9 \u05de\u05de\u05dc\u05d9\u05e5 \u05dc\u05da \u05dc\u05d4\u05d9\u05e2\u05d6\u05e8 \u05d1\u05d0\u05e0\u05e9\u05d9\u05dd \u05d5\u05dc\u05d0 \u05dc\u05d4\u05e8\u05d9\u05dd \u05d0\u05ea \u05d4\u05d0\u05ea\u05e8 \u05dc\u05d1\u05d3 ", "user": 14, "feedbabk_type": 3, "discussion": 2}}, {"pk": 18, "model": "coplay.feedback", "fields": {"created_at": "2014-01-12T21:50:20.293Z", "updated_at": "2014-01-12T21:50:20.293Z", "content": "\u05d1\u05d3\u05e3 \u05d4\u05e4\u05ea\u05d9\u05d7\u05d4 \u05db\u05d3\u05d0\u05d9 \u05dc\u05e2\u05e9\u05d5\u05ea \u05ea\u05e8\u05e9\u05d9\u05dd\u05d6\u05e8\u05d9\u05de\u05d4 \u05d9\u05d3\u05d9\u05d3\u05d5\u05ea\u05d9 \u05d4\u05de\u05e1\u05d1\u05d9\u05e8 \u05d0\u05ea \u05de\u05d4\u05dc\u05db\u05d9 \u05d5\u05e9\u05dc\u05d1\u05d9 \u05d4\u05de\u05e9\u05d7\u05e7", "user": 1, "feedbabk_type": 4, "discussion": 2}}, {"pk": 19, "model": "coplay.feedback", "fields": {"created_at": "2014-01-12T21:55:32.777Z", "updated_at": "2014-01-12T21:55:32.777Z", "content": "\u05db\u05dc \u05d4\u05db\u05d1\u05d5\u05d3 \u05d5\u05d1\u05d4\u05e6\u05dc\u05d7\u05d4 . \u05e0\u05e9\u05d9\u05e7\u05d5\u05ea \u05d8\u05dc ", "user": 1, "feedbabk_type": 1, "discussion": 2}}, {"pk": 20, "model": "coplay.feedback", "fields": {"created_at": "2014-01-13T17:00:43.935Z", "updated_at": "2014-01-13T17:00:43.935Z", "content": "\"\u05e7\u05d5\u05d8\u05e8\" \u05d6\u05d4 \u05d7\u05ea\u05d5\u05dc \u05d1\u05d9\u05d9\u05d3\u05d9\u05e9.\r\n\u05d0\u05d5\u05dc\u05d9 \u05d0\u05e4\u05e9\u05e8 \u05dc\u05d0\u05ea\u05e8 \u05d7\u05ea\u05d5\u05dc \u05e4\u05d5\u05d8\u05d5\u05d2\u05e0\u05d9, \u05de\u05d1\u05d9\u05ea \u05d8\u05d5\u05d1, \u05e2\u05dd \u05e7\u05d5\u05dc \u05d0\u05d3\u05d9\u05e8 \u05d5\u05d4\u05e2\u05d9\u05e7\u05e8 - \u05e9\u05d9\u05e2\u05d1\u05d5\u05e8 \u05de\u05e1\u05da !", "user": 3, "feedbabk_type": 3, "discussion": 8}}, {"pk": 21, "model": "coplay.feedback", "fields": {"created_at": "2014-01-13T17:02:04.862Z", "updated_at": "2014-01-13T17:02:04.862Z", "content": "\u05de\u05e6\u05d9\u05e2 \u05dc\u05e2\u05e9\u05d5\u05ea \u05de\u05e1\u05e4\u05e8 \u05e1\u05e8\u05d8\u05d5\u05e0\u05d9\u05dd \u05e7\u05e6\u05e8\u05d9\u05dd \u05d1\u05e2\u05dc\u05d9 \u05d0\u05d5\u05ea\u05d5 \u05e7\u05d5\u05e0\u05e1\u05e4\u05d8 ", "user": 9, "feedbabk_type": 4, "discussion": 8}}, {"pk": 22, "model": "coplay.feedback", "fields": {"created_at": "2014-01-13T17:08:34.013Z", "updated_at": "2014-01-13T17:08:34.013Z", "content": "\u05db\u05d1\u05e8 \u05d1\u05e0\u05d9\u05e0\u05d5 \u05ea\u05e1\u05e8\u05d9\u05d8, \u05e8\u05d0\u05d4 \u05d1\u05e4\u05d9\u05d9\u05e1", "user": 4, "feedbabk_type": 4, "discussion": 8}}, {"pk": 25, "model": "coplay.feedback", "fields": {"created_at": "2014-01-13T17:26:07.900Z", "updated_at": "2014-01-13T17:26:07.901Z", "content": "\u05d0\u05e0\u05d9 \u05de\u05e6\u05d9\u05e2\u05d4 \u05e9\u05d0\u05dd \u05db\u05dc \u05d0\u05d7\u05d3 \u05d9\u05db\u05d5\u05dc \u05dc\u05d4\u05d5\u05e1\u05d9\u05e3 \u05e1\u05e8\u05d8\u05d5\u05e0\u05d9\u05dd, \u05d9\u05d4\u05d9\u05d4 \u05e1\u05d5\u05d2 \u05e9\u05dc \u05e4\u05d9\u05e7\u05d5\u05d7\r\n", "user": 4, "feedbabk_type": 4, "discussion": 8}}, {"pk": 26, "model": "coplay.feedback", "fields": {"created_at": "2014-01-13T17:47:50.135Z", "updated_at": "2014-01-13T17:47:50.135Z", "content": "\u05e8\u05e2\u05d9\u05d5\u05df \u05de\u05d3\u05dc\u05d9\u05e7", "user": 2, "feedbabk_type": 1, "discussion": 10}}, {"pk": 27, "model": "coplay.feedback", "fields": {"created_at": "2014-01-13T17:50:41.106Z", "updated_at": "2014-01-13T17:50:41.106Z", "content": "\u05e0\u05e8\u05d0\u05d4 \u05dc\u05d9 \u05d9\u05e2\u05d9\u05dc \u05d1\u05d9\u05d5\u05ea\u05e8", "user": 4, "feedbabk_type": 3, "discussion": 10}}, {"pk": 28, "model": "coplay.feedback", "fields": {"created_at": "2014-01-13T17:52:18.023Z", "updated_at": "2014-01-13T17:52:18.023Z", "content": "flashmob \u05d4\u05d5\u05d0 \u05e8\u05e2\u05d9\u05d5\u05df \u05d9\u05e4\u05d4 \u05d0\u05d5\u05dc\u05dd \u05d6\u05d5 \u05de\u05e9\u05d9\u05de\u05d4 \u05de\u05d5\u05e8\u05db\u05d1\u05ea \u05d1\u05de\u05e6\u05d1 \u05d4\u05e9\u05d5\u05ea\u05e4\u05d9\u05dd \u05d4\u05e4\u05e2\u05d9\u05dc\u05d9\u05dd \u05d4\u05d9\u05d5\u05dd, \u05de\u05e6\u05d9\u05e2 \u05dc\u05d4\u05e6\u05d9\u05d1 \u05de\u05d8\u05e8\u05d5\u05ea \u05d9\u05d5\u05ea\u05e8 \u05e6\u05e0\u05d5\u05e2\u05d5\u05ea \u05d1\u05e9\u05dc\u05d1 \u05d4\u05d6\u05d4", "user": 30, "feedbabk_type": 3, "discussion": 11}}, {"pk": 29, "model": "coplay.feedback", "fields": {"created_at": "2014-01-13T17:58:18.291Z", "updated_at": "2014-01-13T17:58:18.291Z", "content": "\u05d4\u05de\u05e2\u05e8\u05db\u05ea, \u05db\u05d0\u05e9\u05e8 \u05ea\u05d4\u05d9\u05d4 \u05de\u05d5\u05db\u05e0\u05d4, \u05ea\u05d4\u05d9\u05d4 \u05e4\u05dc\u05d8\u05e4\u05d5\u05e8\u05de\u05d4 \u05dc\u05e4\u05e8\u05d5\u05d9\u05e7\u05d8\u05d9\u05dd \u05e8\u05d1\u05d9\u05dd. \u05ea\u05d0\u05e4\u05e9\u05e8 \u05dc\u05d4\u05e8\u05d7\u05d9\u05d1 \u05d0\u05ea \u05d4\u05e4\u05e2\u05d9\u05dc\u05d5\u05ea \u05d1\u05de\u05e1\u05d2\u05e8\u05ea \u05d4\u05e1\u05d3\u05e0\u05d4 \u05dc\u05e7\u05d9\u05d3\u05d5\u05dd \u05e0\u05d5\u05e9\u05d0\u05d9\u05dd \u05dc\u05dc\u05d0 \u05e6\u05d5\u05e8\u05da \u05d1\u05e4\u05d9\u05ea\u05d5\u05d7 \u05d8\u05db\u05e0\u05d5\u05dc\u05d5\u05d2\u05d9 \u05dc\u05db\u05dc \u05e0\u05d5\u05e9\u05d0 (\u05d9\u05e9 \u05d1\u05db\u05da \u05d4\u05e8\u05d7\u05d1\u05d4 \u05dc\u05e4\u05e2\u05d9\u05dc\u05d5\u05ea \u05e9\u05dc \u05d4\u05e1\u05d3\u05e0\u05d4)", "user": 30, "feedbabk_type": 4, "discussion": 7}}, {"pk": 31, "model": "coplay.feedback", "fields": {"created_at": "2014-01-13T18:20:30.541Z", "updated_at": "2014-01-13T18:20:30.541Z", "content": "Lets talk about it ", "user": 29, "feedbabk_type": 1, "discussion": 7}}, {"pk": 33, "model": "coplay.feedback", "fields": {"created_at": "2014-01-13T18:46:00.510Z", "updated_at": "2014-01-13T18:46:00.510Z", "content": "\u05dc\u05d0 \u05d4\u05db\u05de\u05d5\u05ea \u05e7\u05d5\u05d1\u05e2\u05ea \u05d0\u05dc\u05d0 \u05d4\u05d0\u05d9\u05db\u05d5\u05ea - \u05de\u05e6\u05d9\u05e2 \u05dc\u05d3\u05d1\u05e8 \u05d1\u05de\u05d5\u05e0\u05d7\u05d9\u05dd \u05e9\u05dc \u05d4\u05de\u05e1\u05e8 \u05e9\u05e8\u05d5\u05e6\u05d9\u05dd \u05dc\u05d4\u05e2\u05d1\u05d9\u05e8 \u05d5\u05d0\u05d9\u05db\u05d5\u05ea \u05d4\u05e1\u05e8\u05d8\u05d5\u05df \u05de\u05d1\u05d7\u05d9\u05e0\u05ea \"\u05d3\u05d1\u05d9\u05e7\u05d5\u05ea\u05d5\" - \u05e1\u05e8\u05d8\u05d5 \u05d0\u05d7\u05d3 \u05e7\u05e6\u05e8 \"\u05e9\u05ea\u05d5\u05e4\u05e1\" \u05d5\"\u05de\u05e1\u05e4\u05e8 \u05d0\u05ea \u05d4\u05e8\u05e2\u05d9\u05d5\u05df\" \u05d9\u05e2\u05e9\u05d4 \u05d0\u05ea \u05d4\u05de\u05e9\u05d9\u05de\u05d4.", "user": 30, "feedbabk_type": 4, "discussion": 8}}, {"pk": 35, "model": "coplay.feedback", "fields": {"created_at": "2014-01-14T10:04:11.408Z", "updated_at": "2014-01-14T10:04:11.408Z", "content": "\u05e8\u05e0\u05d9 \u05de\u05e6\u05d8\u05e8\u05e3 \u05dc\u05e4\u05d2\u05d9\u05e9\u05d4", "user": 2, "feedbabk_type": 2, "discussion": 7}}, {"pk": 36, "model": "coplay.feedback", "fields": {"created_at": "2014-01-14T10:05:29.904Z", "updated_at": "2014-01-14T10:05:29.905Z", "content": "\u05d9\u05e9 \u05dc\u05d9 \u05ea\u05d7\u05d5\u05e9\u05d4 \u05e9\u05d7\u05e9\u05de\u05d1\u05d9\u05e8\u05d9\u05dd \u05d7\u05d3\u05e9\u05d9\u05dd \u05d0\u05d5 \u05d9\u05d6\u05de\u05d9\u05dd \u05e9\u05e8\u05d5\u05e6\u05d9\u05dd \u05dc\u05d9\u05d6\u05d5\u05dd \u05d7\u05e9\u05de\u05d1\u05d9\u05e8 \u05d9\u05d5\u05db\u05dc\u05d5 \u05dc\u05d4\u05d9\u05e2\u05d6\u05e8 \u05d1\u05e4\u05dc\u05d8\u05e4\u05d5\u05e8\u05de\u05d4 \u05d6\u05d5.", "user": 2, "feedbabk_type": 3, "discussion": 7}}, {"pk": 37, "model": "coplay.feedback", "fields": {"created_at": "2014-01-14T12:14:26.520Z", "updated_at": "2014-01-14T12:14:26.520Z", "content": "\u05db\u05dc \u05d4\u05db\u05d1\u05d5\u05d3 \u05e2\u05dc \u05e2\u05dc \u05d4\u05e8\u05e2\u05d9\u05d5\u05df.\r\n\u05d1\u05e8\u05db\u05d4 .", "user": 28, "feedbabk_type": 1, "discussion": 2}}, {"pk": 38, "model": "coplay.feedback", "fields": {"created_at": "2014-01-15T08:09:24.190Z", "updated_at": "2014-01-15T08:09:24.190Z", "content": "\u05e8\u05e2\u05d9\u05d5\u05df \u05de\u05e2\u05d5\u05dc\u05d4", "user": 2, "feedbabk_type": 1, "discussion": 18}}, {"pk": 39, "model": "coplay.feedback", "fields": {"created_at": "2014-01-15T08:11:39.059Z", "updated_at": "2014-01-15T08:11:39.059Z", "content": "\u05d0\u05e4\u05e9\u05e8 \u05dc\u05d1\u05e7\u05e9 \u05db\u05ea\u05d1\u05d4 \u05d1\u05e2\u05d9\u05ea\u05d5\u05df \u05d4\u05de\u05e7\u05d5\u05de\u05d9 \u05e2\u05dc \u05d4\u05e4\u05e8\u05d5\u05d9\u05e7\u05d8 \u05e9\u05dc\u05e0\u05d5 \u05d5\u05e2\u05dc \u05e9\u05ea\u05d5\u05e3 \u05d4\u05e4\u05e2\u05d5\u05dc\u05d4 \u05e2\u05dd \u05d4\u05e2\u05d9\u05e8\u05d9\u05d9\u05d4.", "user": 2, "feedbabk_type": 4, "discussion": 18}}, {"pk": 40, "model": "coplay.feedback", "fields": {"created_at": "2014-01-16T08:49:47.983Z", "updated_at": "2014-01-16T08:49:47.983Z", "content": "\u05d0\u05d7\u05e8\u05d9 \u05e9\u05d4\u05e6\u05d1\u05e2\u05ea\u05d9 \u05e2\u05d1\u05d5\u05e8 \u05d4\u05d7\u05dc\u05d8\u05d4, \u05d4\u05d4\u05d7\u05dc\u05d8\u05d4 \u05e6\u05e8\u05d9\u05db\u05d4 \u05dc\u05d4\u05d5\u05e4\u05d9\u05e2 \u05db\u05d1\u05d5\u05e6\u05e2\u05d4.", "user": 2, "feedbabk_type": 4, "discussion": 17}}, {"pk": 41, "model": "coplay.feedback", "fields": {"created_at": "2014-01-16T08:51:38.676Z", "updated_at": "2014-01-16T08:51:38.676Z", "content": "\u05d6\u05d4 \u05e8\u05e2\u05d9\u05d5\u05df \u05de\u05e6\u05d5\u05d9\u05df \u05dc\u05d4\u05e9\u05ea\u05de\u05e9 \u05d1\u05de\u05e2\u05e8\u05db\u05ea \u05dc\u05d0\u05d9\u05ea\u05d5\u05e8 \u05d5\u05d3\u05d9\u05d5\u05d5\u05d7 \u05d1\u05d0\u05d2\u05d9\u05dd.", "user": 2, "feedbabk_type": 1, "discussion": 17}}, {"pk": 42, "model": "coplay.feedback", "fields": {"created_at": "2014-01-16T08:53:23.651Z", "updated_at": "2014-01-16T08:53:23.651Z", "content": "\u05e7\u05e9\u05d4 \u05dc\u05d4\u05d2\u05d9\u05e2 \u05de\u05d4\u05de\u05e1\u05da \u05d4\u05e8\u05d0\u05e9\u05d9 \u05dc\u05d4\u05ea\u05d7\u05dc\u05ea \u05e4\u05e2\u05d9\u05dc\u05d5\u05ea, \u05d6\u05d4 \u05dc\u05d0 \u05d0\u05d9\u05e0\u05d8\u05d5\u05d0\u05d9\u05d8\u05d9\u05d1\u05d9. \u05d9\u05e9 \u05dc\u05d4\u05d5\u05e1\u05d9\u05e3 \u05dc\u05d7\u05e6\u05df \u05d2\u05d3\u05d5\u05dc \u05e9\u05dc \"\u05db\u05e0\u05d9\u05e1\u05d4\" \u05dc\u05de\u05e2\u05e8\u05db\u05ea.", "user": 2, "feedbabk_type": 4, "discussion": 17}}, {"pk": 43, "model": "coplay.feedback", "fields": {"created_at": "2014-01-16T09:05:31.934Z", "updated_at": "2014-01-16T09:05:31.934Z", "content": "\u05d9\u05e9 \u05e9\u05ea\u05d9 \u05d3\u05d9\u05d5\u05e0\u05d9\u05dd \u05d1\u05d0\u05d5\u05ea\u05d5 \u05e9\u05dd, \u05d0\u05e0\u05d9 \u05de\u05e6\u05d9\u05e2 \u05dc\u05e1\u05d2\u05d5\u05e8 \u05d0\u05d7\u05d3 \u05de\u05d4\u05dd.", "user": 2, "feedbabk_type": 4, "discussion": 11}}, {"pk": 44, "model": "coplay.feedback", "fields": {"created_at": "2014-01-16T09:10:52.342Z", "updated_at": "2014-01-16T09:10:52.342Z", "content": "\u05dc\u05d0\u05e4\u05e9\u05e8 \u05d4\u05d1\u05d4\u05e8\u05d4 \u05e9\u05dc \u05d4\u05de\u05d8\u05e8\u05d4 \u05de\u05d1\u05dc\u05d9 \u05dc\u05de\u05d7\u05d5\u05e7 \u05d0\u05d5\u05ea\u05d4 \u05d5\u05dc\u05d9\u05e6\u05d5\u05e8 \u05d7\u05d3\u05e9\u05d4.", "user": 2, "feedbabk_type": 4, "discussion": 17}}, {"pk": 45, "model": "coplay.feedback", "fields": {"created_at": "2014-01-16T10:43:32.304Z", "updated_at": "2014-01-16T10:43:32.304Z", "content": "\u05d0\u05e0\u05d9 \u05d0\u05d9\u05e9\u05d9\u05ea \u05dc\u05d0 \u05de\u05d1\u05d9\u05df \u05d0\u05ea \u05d4\u05e7\u05e9\u05e8 \u05e9\u05d1\u05d9\u05df \u05d4\u05d4\u05d5\u05e4\u05db\u05d9 \u05e9\u05dc \u05d7\u05ea\u05d5\u05dc \u05d4\u05d5\u05d0 \u05db\u05dc\u05d1.\r\n\u05e1\u05d9\u05e4\u05d5\u05e8 \u05e8\u05dc\u05d5\u05d5\u05e0\u05d8\u05d9 \u05d4\u05d5\u05d0 \u05d4\u05d7\u05ea\u05d5\u05dc \u05d1\u05de\u05d2\u05e4\u05d9\u05d9\u05dd.\r\n\u05d1\u05e1\u05d9\u05e4\u05d5\u05e8 \u05d4\u05d7\u05ea\u05d5\u05dc, \u05d1\u05e0\u05d9\u05d2\u05d5\u05d3 \u05dc\u05d7\u05ea\u05d5\u05dc\u05d9 \u05d4\u05e8\u05d7\u05d5\u05d1 \u05d4\u05de\u05d9\u05d9\u05dc\u05dc\u05d9\u05dd,\r\n\u05dc\u05e7\u05d7 \u05d0\u05d7\u05e8\u05d9\u05d5\u05ea \u05d5\u05e7\u05d9\u05d3\u05dd \u05d0\u05ea \u05d4\u05d0\u05d9\u05e0\u05d8\u05e8\u05e1\u05d9\u05dd \u05e9\u05dc \u05d4\u05d1\u05e2\u05dc\u05d9\u05dd \u05e9\u05dc\u05d5 )\u05d5\u05e9\u05dc\u05d5(", "user": 3, "feedbabk_type": 3, "discussion": 20}}, {"pk": 46, "model": "coplay.feedback", "fields": {"created_at": "2014-01-17T07:30:21.210Z", "updated_at": "2014-01-17T07:30:21.210Z", "content": "\u05d4\u05ea\u05d7\u05d5\u05e9\u05d4 \u05e9\u05dc\u05d9 \u05e9\u05e7\u05d5\u05d3\u05dd \u05e6\u05e8\u05d9\u05da \u05dc\u05d4\u05d1\u05d9\u05d0 \u05de\u05ea\u05e0\u05d3\u05d1\u05d9\u05dd \u05d5\u05d0\u05d7\u05e8\u05d9 \u05d6\u05d4 \u05d9\u05d1\u05d5\u05d0\u05d5 \u05d2\u05dd \u05de\u05e9\u05e7\u05d9\u05e2\u05d9\u05dd. \u05d4\u05de\u05d3\u05d3 \u05d6\u05d4 \u05d0\u05dd \u05d0\u05d3\u05dd \u05dc\u05d0 \u05de\u05d5\u05db\u05df \u05dc\u05d4\u05e9\u05e7\u05d9\u05e2 \u05db\u05de\u05d4 \u05e9\u05e2\u05d5\u05ea \u05d1\u05e9\u05d1\u05d5\u05e2, \u05d2\u05dd \u05de\u05e9\u05e7\u05d9\u05e2 \u05dc\u05d0 \u05d9\u05d4\u05d9\u05d4 \u05de\u05d5\u05db\u05df \u05dc\u05e9\u05d9\u05dd \u05e2\u05dc \u05d6\u05d4 \u05db\u05e1\u05e3.", "user": 2, "feedbabk_type": 3, "discussion": 21}}, {"pk": 47, "model": "coplay.feedback", "fields": {"created_at": "2014-01-18T18:29:41.501Z", "updated_at": "2014-01-18T18:29:41.501Z", "content": "\u05e9\u05d5\u05d5\u05d4 \u05dc\u05da \u05dc\u05e9\u05ea\u05e3 \u05e4\u05e2\u05d5\u05dc\u05d4 \u05e2\u05dd \u05e6\u05d5\u05d5\u05ea \u05d4\u05e9\u05d9\u05d5\u05d5\u05e7 \u05e9\u05dc\u05e0\u05d5 \u05e9\u05de\u05db\u05d9\u05e0\u05d9\u05dd \u05e7\u05dc\u05d9\u05e4 \u05e9\u05d9\u05d5\u05db\u05dc \u05dc\u05e9\u05de\u05e9 \u05d2\u05dd \u05dc\u05de\u05d9\u05de\u05d5\u05df \u05e6\u05d9\u05d1\u05d5\u05e8\u05d9.\r\n\u05d3\u05d1\u05e8 \u05e2\u05dd \u05d7\u05d2\u05d9", "user": 3, "feedbabk_type": 4, "discussion": 21}}, {"pk": 48, "model": "coplay.feedback", "fields": {"created_at": "2014-01-19T00:20:45.734Z", "updated_at": "2014-01-19T00:20:45.734Z", "content": "\u05d1\u05d5\u05e2\u05d6 \u05d5\u05e6\u05d7\u05d9 - \u05de\u05d2\u05e0\u05d9\u05d1 \u05e9\u05d0\u05ea\u05dd \u05de\u05e9\u05ea\u05e4\u05d9\u05dd \u05e4\u05e2\u05d5\u05dc\u05d4! \r\n\u05d0\u05d1\u05dc \u05d1\u05d5\u05e2\u05d6, \u05d0\u05ea\u05d4 \u05e8\u05d5\u05e6\u05d4 \u05dc\u05d4\u05de\u05e9\u05d9\u05da \u05dc\u05d4\u05e9\u05ea\u05de\u05e9 \u05d6\u05d4 \u05d1\u05ea\u05d5\u05e8 \u05db\u05dc\u05d9 \u05d7\u05e9\u05d9\u05d1\u05d4 \u05d0\u05d5 \u05e9\u05d0\u05ea\u05d4 \u05e1\u05ea\u05dd \u05e0\u05d7\u05de\u05d3?\r\n\r\n\u05e0.\u05d1, \u05e6\u05d7\u05d9, \u05dc\u05d0 \u05d1\u05d8\u05d5\u05d7\u05d4 \u05e9\u05d6\u05d4 \u05e2\u05d9\u05d3\u05d5\u05d3. \u05e4\u05e9\u05d5\u05d8 \u05ea\u05d2\u05d5\u05d1\u05d4 \u05d0\u05d5 \u05d3\u05d9\u05d5\u05df \u05d0\u05d5 \u05de\u05e9\u05d4\u05d5 (\u05e1\u05ea\u05dd \u05de\u05d7\u05e9\u05d1\u05d4 - \u05d0\u05dd \u05d0\u05e0\u05d9 \u05e8\u05d5\u05e6\u05d4 \u05dc\u05db\u05ea\u05d5\u05d1 \u05e9\u05d6\u05d4 \u05e8\u05e2\u05d9\u05d5\u05df \u05dc\u05d0 \u05d8\u05d5\u05d1?)", "user": 13, "feedbabk_type": 1, "discussion": 21}}, {"pk": 49, "model": "coplay.feedback", "fields": {"created_at": "2014-01-19T08:07:12.942Z", "updated_at": "2014-01-19T08:07:12.942Z", "content": "\u05e0\u05e9\u05ea\u05e3 \u05e4\u05e2\u05d5\u05dc\u05d4 \u05d1\u05d9\u05e6\u05d9\u05e8\u05ea \u05e7\u05dc\u05d9\u05e4 \u05d5\u05d9\u05e8\u05d0\u05dc\u05d9 \u05dc\u05d2\u05d9\u05d5\u05e1 \u05db\u05e1\u05e4\u05d9\u05dd \u05d5\u05de\u05ea\u05e0\u05d3\u05d1\u05d9\u05dd \u05d1\u05e9\u05de\u05d7\u05d4.", "user": 2, "feedbabk_type": 2, "discussion": 21}}, {"pk": 50, "model": "coplay.feedback", "fields": {"created_at": "2014-01-19T08:07:59.361Z", "updated_at": "2014-01-19T08:07:59.361Z", "content": "\u05d0\u05e4\u05e9\u05e8 \u05dc\u05d4\u05e4\u05d9\u05e5 \u05d0\u05ea \u05d4\u05e1\u05e8\u05d8\u05d5\u05df \u05d2\u05dd \u05d1 Cowdfounding", "user": 2, "feedbabk_type": 4, "discussion": 21}}, {"pk": 51, "model": "coplay.feedback", "fields": {"created_at": "2014-01-19T08:48:03.017Z", "updated_at": "2014-01-19T08:48:03.017Z", "content": "\u05d4\u05ea\u05d9\u05d9\u05d7\u05e1\u05d5\u05ea \u05dc\u05e4\u05d0\u05d5\u05dc\u05d9\u05e0\u05d4, \u05d0\u05d9\u05df \u05de\u05e7\u05d5\u05dd \u05dc\u05db\u05ea\u05d5\u05d1 \u05e9\u05d4\u05e8\u05e2\u05d9\u05d5\u05df \u05dc\u05d0 \u05d8\u05d5\u05d1. \u05dc\u05d4\u05d2\u05d9\u05d3 \u05e9\u05d4\u05e8\u05e2\u05d9\u05d5\u05df \u05dc\u05d0 \u05d8\u05d5\u05d1 \u05dc\u05d0 \u05d9\u05d0\u05e4\u05e9\u05e8 \u05dc\u05de\u05de\u05df \u05d0\u05ea \u05d4\u05e4\u05e8\u05d5\u05d9\u05e7\u05d8, \u05d4\u05db\u05d9\u05d5\u05d5\u05df \u05d4\u05d5\u05d0 \u05dc\u05d4\u05e6\u05d9\u05e2 \u05d3\u05e8\u05da \u05d0\u05d7\u05e8\u05ea \u05dc\u05d2\u05d9\u05d9\u05e1 \u05db\u05e1\u05e3. \u05d0\u05dd \u05dc\u05d2\u05d9\u05d9\u05e1 \u05db\u05e1\u05e3 \u05d6\u05d4 \u05e8\u05e2\u05d9\u05d5\u05df \u05dc\u05d0 \u05d8\u05d5\u05d1, \u05d0\u05d6 \u05d0\u05e4\u05e9\u05e8 \u05dc\u05d4\u05e6\u05d9\u05e2 \u05d3\u05e8\u05da \u05d0\u05d7\u05e8\u05ea \u05dc\u05e7\u05d3\u05dd \u05d0\u05ea \u05d4\u05e4\u05e8\u05d5\u05d9\u05e7\u05d8.", "user": 2, "feedbabk_type": 4, "discussion": 21}}, {"pk": 54, "model": "coplay.feedback", "fields": {"created_at": "2014-01-20T17:53:27.729Z", "updated_at": "2014-01-20T17:53:27.729Z", "content": "\u05e6\u05e8\u05d9\u05da \u05dc\u05d4\u05e8\u05d0\u05d5\u05ea \u05de\u05d4\u05d4\u05d5\u05d0 \u05e2\u05d5\u05e9\u05d4 \u05d5\u05dc\u05d0 \u05e8\u05e7 \u05d0\u05d5\u05de\u05e8\u05e9\u05d4\u05d5\u05d0 \u05e2\u05d5\u05e9\u05d4", "user": 4, "feedbabk_type": 4, "discussion": 20}}, {"pk": 55, "model": "coplay.feedback", "fields": {"created_at": "2014-01-20T17:54:43.508Z", "updated_at": "2014-01-20T17:54:43.508Z", "content": "\u05d4\u05d9\u05d0 \u05d7\u05d5\u05e9\u05d1\u05ea \u05e9\u05d4\u05e8\u05e2\u05d9\u05d5\u05df \u05dc\u05d0 \u05de\u05d2\u05d5\u05d1\u05e9 \u05de\u05e1\u05e4\u05d9\u05e7 ", "user": 4, "feedbabk_type": 1, "discussion": 20}}, {"pk": 56, "model": "coplay.feedback", "fields": {"created_at": "2014-01-20T18:50:43.962Z", "updated_at": "2014-01-20T18:50:43.962Z", "content": "\u05d0\u05e0\u05d9 \u05de\u05d5\u05db\u05e0\u05d4 \u05dc\u05d4\u05e9\u05ea\u05ea\u05e3 \u05d4\u05e1\u05d9\u05e8\u05d8\u05d5\u05df ", "user": 4, "feedbabk_type": 2, "discussion": 20}}, {"pk": 57, "model": "coplay.feedback", "fields": {"created_at": "2014-01-23T10:40:47.363Z", "updated_at": "2014-01-23T10:40:47.363Z", "content": "\u05d1\u05d5\u05e2\u05d5\u05ea \u05db\u05de\u05d5 \u05d1\u05ea\u05e7\u05e6\u05d9\u05d1 \u05e4\u05ea\u05d5\u05d7 \u05e9\u05de\u05d3\u05de\u05d5\u05ea \u05d3\u05d9\u05d5\u05e0\u05d9\u05dd, \u05d5\u05d4\u05d3\u05d9\u05d5\u05e0\u05d9\u05dd \u05d4\u05d7\u05de\u05d9\u05dd (\u05de\u05e9\u05ea\u05de\u05e9\u05d9\u05dd \u05e8\u05d1\u05d9\u05dd) \u05e0\u05e6\u05d1\u05e2\u05d9\u05dd \u05d1\u05e6\u05e2 \u05d0\u05d3\u05d5\u05dd.", "user": 2, "feedbabk_type": 4, "discussion": 17}}, {"pk": 58, "model": "coplay.feedback", "fields": {"created_at": "2014-01-23T18:32:17.406Z", "updated_at": "2014-01-23T18:32:17.406Z", "content": "\u05e9\u05d9\u05e4\u05d5\u05e8 \u05e4\u05e2\u05d9\u05dc\u05d5\u05ea ", "user": 6, "feedbabk_type": 2, "discussion": 17}}, {"pk": 59, "model": "coplay.feedback", "fields": {"created_at": "2014-01-23T18:33:22.986Z", "updated_at": "2014-01-23T18:33:22.986Z", "content": "\u05d1\u05d3\u05d9\u05e7\u05ea \u05e9\u05d9\u05de\u05d5\u05e9\u05d9\u05d5\u05ea \u05d1\u05e6\u05d5\u05d5\u05ea \u05e9\u05dc\u05e0\u05d5 ", "user": 6, "feedbabk_type": 3, "discussion": 17}}, {"pk": 60, "model": "coplay.feedback", "fields": {"created_at": "2014-01-23T18:35:00.913Z", "updated_at": "2014-01-23T18:35:00.913Z", "content": "Example: Mobile and desktop", "user": 6, "feedbabk_type": 2, "discussion": 17}}, {"pk": 61, "model": "coplay.feedback", "fields": {"created_at": "2014-01-24T15:26:26.797Z", "updated_at": "2014-01-24T15:26:26.797Z", "content": "\u05d0\u05e0\u05d9 \u05de\u05e6\u05d9\u05e2 \u05dc\u05d1\u05e7\u05e9 \u05de\u05e6\u05d5\u05d5\u05ea \u05d4\u05e1\u05d3\u05e0\u05d0 \u05dc\u05e7\u05d1\u05d5\u05e2 \u05de\u05e4\u05d2\u05e9 \u05e9\u05d1\u05d5 \u05e6\u05d7\u05d9 \u05d9\u05e6\u05d9\u05d2 \u05dc\u05db\u05dc \u05d7\u05d1\u05e8\u05d9 \u05d4\u05e1\u05d3\u05e0\u05d0 (\u05d0\u05dc\u05d5 \u05e9\u05d9\u05d4\u05d9\u05d5 \u05de\u05e2\u05d5\u05e0\u05d9\u05d9\u05e0\u05d9\u05dd \u05dc\u05e9\u05de\u05d5\u05e2) \u05e2\u05dc \u05d4\u05d2\u05d9\u05e9\u05d4 \u05e9\u05dc\u05e0\u05d5 \u05dc\u05e7\u05d9\u05d3\u05d5\u05dd \u05e4\u05e8\u05d5\u05d9\u05e7\u05d8\u05d9\u05dd \u05d5\u05e2\u05dc \u05d4\u05d7\u05d6\u05d5\u05df \u05e9\u05dc\u05e0\u05d5. \u05d1\u05e1\u05d5\u05e3 \u05d4\u05d4\u05e8\u05e6\u05d0\u05d4 \u05e0\u05e7\u05d9\u05d9\u05dd \u05d3\u05d9\u05d5\u05df \u05e9\u05dc \u05e9\u05d0\u05dc\u05d5\u05ea \u05d5\u05ea\u05e9\u05d5\u05d1\u05d5\u05ea \u05e9\u05d1\u05d5 \u05d9\u05e9\u05ea\u05ea\u05e4\u05d5 \u05e9\u05d0\u05e8 \u05d4\u05d7\u05d1\u05e8\u05d9 \u05e7\u05d1\u05d5\u05e6\u05ea \u05d4\u05d2\u05e9\u05de\u05d4 \u05e6\u05d9\u05d1\u05d5\u05e8\u05d9\u05ea \u05d5\u05d9\u05e2\u05e0\u05d5 \u05e2\u05dc \u05d4\u05e9\u05d0\u05dc\u05d5\u05ea \u05d4\u05e7\u05d4\u05dc.", "user": 2, "feedbabk_type": 4, "discussion": 17}}, {"pk": 62, "model": "coplay.feedback", "fields": {"created_at": "2014-01-25T08:46:36.692Z", "updated_at": "2014-01-25T08:46:36.692Z", "content": "\u05e0\u05e8\u05d0\u05d4 \u05e9\u05d4\u05ea\u05e9\u05d5\u05d1\u05d4 \u05db\u05d1\u05e8 \u05de\u05d6\u05de\u05df \u05d9\u05d3\u05d5\u05e2\u05d4. \u05d0\u05d1\u05dc \u05e9\u05d5\u05d5\u05d4 \u05dc\u05d7\u05d1\u05d5\u05e8 \u05d5\u05dc\u05dc\u05de\u05d5\u05d3 \u05de\u05d4\u05e4\u05d9\u05e8\u05d8\u05d9\u05dd \u05d5\u05d0\u05ea \u05e4\u05e8\u05d5\u05d9\u05e7\u05d8 \u05e4\u05e0\u05d8\u05d6\u05d9 \u05db\u05e0\u05e1\u05ea \u05e9\u05dc \u05d0\u05e8\u05d9 \u05d5\u05d8\u05d5\u05dd \u05de\u05d4\u05e7\u05d5\u05e8\u05e1 \u05e9\u05dc\u05d9.", "user": 3, "feedbabk_type": 3, "discussion": 25}}, {"pk": 63, "model": "coplay.feedback", "fields": {"created_at": "2014-01-25T08:48:47.729Z", "updated_at": "2014-01-25T08:48:47.729Z", "content": "\u05d1\u05d4\u05e2\u05d3\u05e8 \u05d6\u05de\u05e0\u05d9 \u05e9\u05dc \u05de\u05e2\u05e8\u05db\u05ea \u05d4\u05ea\u05e8\u05d0\u05d5\u05ea \u05e9\u05d5\u05d5\u05d4 \u05dc\u05d4\u05e4\u05d9\u05e5 \u05d4\u05e7\u05d9\u05e9\u05d5\u05d5 \u05dc\u05d3\u05e3 \u05d4\u05d6\u05d4 \u05dc\u05d0\u05e8\u05d1\u05e2 \u05db\u05e0\u05e4\u05d5\u05ea \u05ea\u05d1\u05dc.", "user": 3, "feedbabk_type": 4, "discussion": 25}}, {"pk": 64, "model": "coplay.feedback", "fields": {"created_at": "2014-01-25T09:00:22.851Z", "updated_at": "2014-01-25T09:00:22.851Z", "content": "\u05d2\u05dd \u05d4\u05e4\u05e2\u05dd \u05d4\u05e6\u05d8\u05e8\u05e4\u05ea \u05dc\u05e8\u05e7\u05df\u05d3 \u05d0\u05d9\u05ea\u05d9 \u05e2\u05dc \u05d4\u05de\u05d2\u05d3\u05dc \u05d4\u05e2\u05d5\u05d3 \u05e8\u05e2\u05d5\u05e2 \u05e9\u05d4\u05e8\u05de\u05e0\u05d5.  \u05dc\u05d0 \u05d0\u05e9\u05db\u05d7 \u05d0\u05ea \u05d4\u05e4\u05d2\u05d9\u05e9\u05d4 \u05e9\u05d1\u05d4 \u05e8\u05e7 \u05d0\u05e0\u05d9 \u05d5\u05d0\u05ea\u05d4 \u05d4\u05d2\u05e2\u05e0\u05d5. \u05d0\u05e1 \u05e4\u05e9\u05d5\u05d8 \u05d4\u05de\u05e9\u05db\u05e0\u05d5 \u05dc\u05e8\u05e7\u05d5\u05d3 \u05d5\u05dc\u05db\u05ea\u05d5\u05d1 \u05d0\u05ea \u05e9\u05d5\u05e8\u05d5\u05ea \u05d4\u05e7\u05d5\u05d3 \u05d4\u05d7\u05e9\u05d5\u05d1\u05d5\u05ea \u05d1\u05d9\u05d5\u05ea\u05e8 - \u05d4\u05e7\u05d5\u05d3 \u05d4\u05d0\u05ea\u05d9.  \u05d4\u05d9\u05e1\u05d5\u05e8\u05d9\u05dd \u05e9\u05dc \u05d4\u05e9\u05d9\u05e6\u05d5\u05e9 \u05d1\u05de\u05e2\u05e8\u05db\u05ea \u05d9\u05d3\u05e8\u05e9\u05d5 \u05e2\u05d5\u05d3 \u05d4\u05e8\u05d1\u05d4 \u05e9\u05e2\u05d5\u05ea \u05e4\u05d9\u05ea\u05d5\u05d7. \u05ea\u05d5\u05d3\u05d4 \u05e2\u05dc \u05d4\u05de\u05d5\u05d8\u05d9\u05d1\u05e6\u05d9\u05d4 \u05dc\u05d4\u05e9\u05ea\u05de\u05e9 \u05d1\u05de\u05e2\u05e8\u05db\u05ea.  ", "user": 3, "feedbabk_type": 1, "discussion": 25}}, {"pk": 65, "model": "coplay.feedback", "fields": {"created_at": "2014-01-25T17:25:49.629Z", "updated_at": "2014-01-25T17:25:49.629Z", "content": "\u05ea\u05d5\u05d3\u05d4 \u05e9\u05d4\u05e2\u05d6\u05ea \u05dc\u05d4\u05d9\u05d5\u05ea \u05d1\u05d9\u05df \u05d4\u05e8\u05d0\u05e9\u05d5\u05e0\u05d9\u05dd \u05e9\u05de\u05ea\u05e0\u05e1\u05d9\u05dd \u05d1\u05e7\u05d9\u05d3\u05d5\u05dd \u05d4\u05e4\u05e2\u05d9\u05dc\u05d5\u05d9\u05d5\u05ea \u05e9\u05dc\u05d4\u05dd \u05d3\u05e8\u05da \u05d4\u05d0\u05ea\u05e8 \u05e9\u05dc\u05e0\u05d5.\r\n", "user": 3, "feedbabk_type": 1, "discussion": 24}}, {"pk": 66, "model": "coplay.feedback", "fields": {"created_at": "2014-01-25T18:17:56.158Z", "updated_at": "2014-01-25T18:17:56.158Z", "content": "\u05d4\u05de\u05d8\u05e8\u05d4 \u05dc\u05d0 \u05db\u05dc \u05db\u05da \u05d1\u05e8\u05d5\u05e8\u05d4. \u05e6\u05e8\u05d9\u05da \u05dc\u05d4\u05d1\u05d4\u05d9\u05e8 \u05d0\u05ea \u05d4\u05de\u05d8\u05e8\u05d4 \u05db\u05d3\u05d9 \u05e9\u05e0\u05d5\u05db\u05dc \u05dc\u05e1\u05d9\u05d9\u05e2", "user": 2, "feedbabk_type": 4, "discussion": 24}}, {"pk": 67, "model": "coplay.feedback", "fields": {"created_at": "2014-01-27T05:50:26.090Z", "updated_at": "2014-01-27T05:50:26.090Z", "content": "\u05d4\u05e2\u05dc\u05d9\u05ea \u05e0\u05d5\u05e9\u05d0 \u05e9\u05d9\u05db\u05d5\u05dc \u05dc\u05d9\u05e6\u05d5\u05e8 \u05d3\u05d9\u05d5\u05df \u05e6\u05d9\u05d1\u05d5\u05e8\u05d9 \u05d5\u05dc\u05e9\u05ea\u05e3 \u05d1\u05d5 \u05de\u05d7\u05d5\u05e7\u05e7\u05d9\u05dd (\u05d2\u05dd \u05de\u05de\u05e9\u05dc\u05d4) \u05d0\u05e0\u05d9 \u05de\u05d1\u05e8\u05da \u05e2\u05dc \u05d4\u05d9\u05d5\u05d6\u05de\u05d4.\r\n\u05d4\u05de\u05e9\u05da...https://docs.google.com/document/d/1pzLBZwKOabyFrdlZZ-euleEjzApvK2VA3XTE0FdwM_o/edit\r\n", "user": 30, "feedbabk_type": 4, "discussion": 25}}, {"pk": 68, "model": "coplay.feedback", "fields": {"created_at": "2014-01-27T07:35:30.160Z", "updated_at": "2014-01-27T07:35:30.160Z", "content": "\u05d1\u05d0\u05d2, \u05d4\u05de\u05e9\u05d9\u05de\u05d4 \u05d4\u05de\u05e1\u05ea\u05d9\u05d9\u05de\u05ea \u05d1\u05ea\u05d0\u05e8\u05d9\u05da 27/01, \u05e2\u05d5\u05d1\u05e8\u05ea \u05dc\u05de\u05e6\u05d1 \u05e4\u05d9\u05e1\u05e4\u05d5\u05e1 \u05d1 27/01 00:00, \u05e9\u05d6\u05d4 \u05d7\u05e6\u05d5\u05ea \u05d4\u05dc\u05d9\u05dc\u05d4 \u05e9\u05dc \u05ea\u05d7\u05d9\u05dc\u05ea \u05d4\u05d9\u05d5\u05dd. \u05d4\u05de\u05e9\u05d9\u05de\u05d4 \u05e6\u05e8\u05d9\u05db\u05d4 \u05dc\u05d4\u05d9\u05e1\u05d2\u05e8 \u05d1\u05e1\u05d5\u05e3 \u05d4\u05d9\u05d5\u05dd.", "user": 2, "feedbabk_type": 4, "discussion": 17}}, {"pk": 69, "model": "coplay.feedback", "fields": {"created_at": "2014-01-27T07:56:27.770Z", "updated_at": "2014-01-27T07:56:27.770Z", "content": "\u05d0\u05e0\u05d9 \u05de\u05d5\u05db\u05df \u05dc\u05d4\u05db\u05d9\u05df \u05ea\u05d5\u05db\u05e0\u05d9\u05ea \u05de\u05d9\u05de\u05d5\u05df \u05dc\u05e4\u05d9\u05ea\u05d5\u05d7 \u05d5\u05d2\u05d9\u05d5\u05e1 \u05db\u05e1\u05e4\u05d9\u05dd. \u05d6\u05d5 \u05d4\u05d5\u05dc\u05db\u05ea \u05dc\u05d4\u05d9\u05d5\u05ea \u05ea\u05d5\u05db\u05e0\u05d9\u05ea \u05e9\u05ea\u05d0\u05ea\u05d2\u05e8 \u05d0\u05ea \u05d4\u05d4\u05d2\u05d9\u05d5\u05df.\r\n\u05e8\u05d0\u05d5 \u05d4\u05d5\u05d6\u05d4\u05e8\u05ea\u05dd!", "user": 2, "feedbabk_type": 2, "discussion": 28}}, {"pk": 70, "model": "coplay.feedback", "fields": {"created_at": "2014-01-27T17:19:40.825Z", "updated_at": "2014-01-27T17:19:40.825Z", "content": "\u05d0\u05e0\u05d9 \u05de\u05e6\u05d9\u05e2 \u05dc\u05e4\u05ea\u05d5\u05d7 \u05e7\u05de\u05e4\u05d9\u05d9\u05df \u05d1-headstart \u05d5\u05db\u05e9\u05dc\u05d1 \u05e8\u05d0\u05e9\u05d5\u05df \u05dc\u05d4\u05db\u05d9\u05df \u05e1\u05e8\u05d8\u05d5\u05df \u05dc\u05e9\u05d9\u05d5\u05d5\u05e7 \u05d4\u05e8\u05e2\u05d9\u05d5\u05df + \u05dc\u05d4\u05db\u05d9\u05df \u05ea\u05d5\u05db\u05e0\u05d9\u05ea \u05e9\u05dc \u05e6'\u05d5\u05e4\u05e8\u05d9\u05dd \u05dc\u05ea\u05ea \u05dc\u05ea\u05d5\u05de\u05db\u05d9\u05dd \u05d1\u05e4\u05e8\u05d5\u05d9\u05e7\u05d8. \u05d1\u05db\u05da \u05ea\u05e9\u05d9\u05d2 \u05e9\u05ea\u05d9 \u05e6\u05d9\u05e4\u05d5\u05e8\u05d9\u05dd \u05d1\u05de\u05db\u05d4 \u05d0\u05d7\u05ea: \u05d2\u05dd \u05ea\u05d5\u05e8\u05de\u05d9\u05dd \u05d5\u05d2\u05dd \u05de\u05e2\u05d2\u05dc \u05e8\u05d0\u05e9\u05d5\u05df \u05e9\u05dc \u05de\u05e9\u05ea\u05de\u05e9\u05d9\u05dd (beta testers)", "user": 41, "feedbabk_type": 4, "discussion": 28}}, {"pk": 71, "model": "coplay.feedback", "fields": {"created_at": "2014-01-28T17:49:51.367Z", "updated_at": "2014-01-28T17:49:51.367Z", "content": "\u05d4\u05e8\u05e6\u05d0\u05d4, \u05d0\u05dd \u05d0\u05e0\u05d9 \u05d9\u05d3\u05e2 \u05d9\u05d5\u05ea\u05e8 \u05d0\u05e0\u05d9 \u05d0\u05d5\u05dc\u05d9 \u05d2\u05dd \u05d9\u05e9\u05ea\u05e3 \u05e4\u05e2\u05d5\u05dc\u05d4.", "user": 2, "feedbabk_type": 4, "discussion": 30}}, {"pk": 72, "model": "coplay.feedback", "fields": {"created_at": "2014-01-28T17:50:36.121Z", "updated_at": "2014-01-28T17:50:36.121Z", "content": "\u05db\u05dc \u05d4\u05db\u05d1\u05d5\u05d3 \u05e2\u05dc \u05d4\u05e0\u05d7\u05d9\u05e9\u05d5\u05ea \u05dc\u05d4\u05e9\u05ea\u05de\u05e9 \u05d1\u05db\u05dc\u05d9.", "user": 2, "feedbabk_type": 1, "discussion": 30}}, {"pk": 73, "model": "coplay.feedback", "fields": {"created_at": "2014-01-28T17:51:25.793Z", "updated_at": "2014-01-28T17:51:25.793Z", "content": "\u05d0\u05ea \u05d9\u05db\u05d5\u05dc\u05d4 \u05dc\u05d4\u05d5\u05e1\u05d9\u05e3 \u05e7\u05d9\u05e9\u05d5\u05e8 \u05d5\u05d0\u05d6 \u05e0\u05d5\u05db\u05dc \u05dc\u05e7\u05d1\u05dc \u05d9\u05d5\u05ea\u05e8 \u05de\u05d9\u05d3\u05e2 \u05e2\u05dc \u05d4\u05e0\u05d5\u05e9\u05d0.", "user": 2, "feedbabk_type": 4, "discussion": 30}}, {"pk": 74, "model": "coplay.feedback", "fields": {"created_at": "2014-01-28T22:18:27.815Z", "updated_at": "2014-01-28T22:18:27.815Z", "content": "\u05db\u05d3\u05d0\u05d9 \u05dc\u05e6\u05de\u05e6\u05dd \u05d4\u05d0\u05d5\u05e8\u05da \u05e9\u05dc \u05d4\u05de\u05e1\u05e8 \u05dc\u05e4\u05d9 \u05d4\u05db\u05dc\u05dc \u05e9\u05d8\u05d1\u05e2 \u05d0\u05e9\u05e8 \u05e2\u05d9\u05d3\u05df, \u05e2\u05d3 6 \u05e9\u05d5\u05e8\u05d5\u05ea \u05d0\u05d5 6 \u05de\u05e9\u05e4\u05d8\u05d9\u05dd", "user": 3, "feedbabk_type": 4, "discussion": 32}}, {"pk": 75, "model": "coplay.feedback", "fields": {"created_at": "2014-01-29T08:12:07.958Z", "updated_at": "2014-01-29T08:12:07.958Z", "content": "\u05dc\u05e4\u05e0\u05d9 \u05d3\u05d9\u05d5\u05df CoPlay  \u05d0\u05ea\u05d4 \u05de\u05ea\u05d7\u05d9\u05dc \u05d1\u05e7\u05d1\u05d9\u05e2\u05ea \u05e0\u05d0\u05de\u05e0\u05d9\u05dd \u05dc\u05e2\u05e7\u05e8\u05d5\u05e0\u05d5\u05ea \u05e9\u05dc \u05d7\u05d5\u05e1\u05e8 \u05e9\u05d9\u05e4\u05d5\u05d8\u05d9\u05d5\u05ea. \u05d9\u05e9 \u05dc\u05d9 \u05ea\u05d7\u05d5\u05e9\u05d4 \u05e9\u05e0\u05d9\u05e1\u05d5\u05d7 \u05db\u05d6\u05d4 \r\n\"\u05d0\u05da \u05d1\u05e9\u05e0\u05ea 2000 \u05e9\u05de\u05e9\u05d4 \u05e7\u05e6\u05d1 \u05d4\u05ea\u05de\u05d5\u05d3\u05d3 \u05de\u05d5\u05dc \u05e9\u05de\u05e2\u05d5\u05df \u05e4\u05e8\u05e1 \u05d4\u05db\u05e0\u05e1\u05ea \u05d1\u05d7\u05e8\u05d4 \u05d1\u05de\u05e9\u05d4 \u05e7\u05e6\u05d1 \u05e9\u05dc\u05d0 \u05d4\u05d5\u05e1\u05d9\u05e3 \u05d4\u05e8\u05d1\u05d4 \u05db\u05d1\u05d5\u05d3. \u05d1\u05e9\u05dc\u05d8\u05d5\u05df \u05d3\u05de\u05d5\u05e7\u05e8\u05d8\u05d9 \u05ea\u05e4\u05e7\u05d9\u05d3\u05dd \u05e9\u05dc \u05d7\u05d1\u05e8\u05d9 \u05d4\u05db\u05e0\u05e1\u05ea \u05dc\u05d9\u05d9\u05e6\u05d2 \u05d0\u05ea \u05e8\u05e6\u05d5\u05df \u05d4\u05e2\u05dd \u05d5\u05d4\u05e9\u05d0\u05dc\u05d4 \u05d4\u05d7\u05e9\u05d5\u05d1\u05d4 \u05d4\u05d9\u05d0 \u05d4\u05d0\u05dd \u05d4\u05dd \u05de\u05e7\u05d9\u05d9\u05de\u05d9\u05dd \u05d6\u05d0\u05ea. \u05d1\u05e1\u05e7\u05e8 \u05e9\u05e2\u05e8\u05da \u05d4\u05de\u05db\u05d5\u05df \u05d4\u05d9\u05e9\u05e8\u05d0\u05dc\u05d9 \u05dc\u05d3\u05de\u05d5\u05e7\u05e8\u05d8\u05d9\u05d4 \u05d1 2012 \u05e0\u05de\u05e6\u05d0 \"\u05d4\u05e8\u05d5\u05d1 \u05de\u05e1\u05db\u05d9\u05de\u05d9\u05dd \u05e2\u05dd \u05d4\u05e7\u05d1\u05d9\u05e2\u05d4 \u05e9\u05d7\u05d1\u05e8\u05d9 \u05d4\u05db\u05e0\u05e1\u05ea \u05d3\u05d5\u05d0\u05d2\u05d9\u05dd \u05d1\u05e2\u05d9\u05e7\u05e8 \u05dc\u05d0\u05d9\u05e0\u05d8\u05e8\u05e1\u05d9\u05dd \u05d4\u05d0\u05d9\u05e9\u05d9\u05d9\u05dd \u05e9\u05dc\u05d4\u05dd \u05d5\u05dc\u05d0 \u05dc\u05d0\u05d9\u05e0\u05d8\u05e8\u05e1 \u05d4\u05e6\u05d9\u05d1\u05d5\u05e8\u05d9\".\r\n\u05de\u05d3\u05d9\u05e3 \u05e0\u05d9\u05d7\u05d5\u05d7 \u05e9\u05dc \u05d0\u05d9 \u05d4\u05e7\u05e4\u05d3\u05d4 \u05e2\u05dc \u05dc\u05e9\u05d5\u05df \u05d4\u05e8\u05e2 (\u05d1\u05d4\u05e7\u05e9\u05e8 \u05e9\u05dc \u05d4\u05d7\u05e4\u05e5 \u05d7\u05d9\u05d9\u05dd, \u05dc\u05d0 \u05d4\u05d7\u05d5\u05e7)\r\n\u05d0\u05e0\u05d9 \u05dc\u05d0 \u05d4\u05d9\u05d9\u05ea\u05d9 \u05de\u05d1\u05d9\u05e2 \u05e9\u05d9\u05e4\u05d5\u05d8\u05d9\u05d5\u05ea \u05dc\u05d2\u05d1\u05d9 \u05d7\u05d1\u05e8\u05d9 \u05d4\u05db\u05e0\u05e1\u05ea \u05d0\u05dc\u05d0 \u05e0\u05d5\u05ea\u05df \u05d3\u05d5\u05d2\u05de\u05d0\u05d5\u05ea \u05dc\u05de\u05e9\u05dc \"\u05e8\u05d0\u05d4 \u05de\u05e7\u05e8\u05d4 \u05d1\u05d7\u05d9\u05e8\u05ea \u05e7\u05e6\u05d1 \u05d4\u05de\u05e7\u05d5\u05dd \u05e9\u05de\u05e2\u05d5\u05df \u05e4\u05e8\u05e1\".\r\n", "user": 3, "feedbabk_type": 3, "discussion": 32}}, {"pk": 76, "model": "coplay.feedback", "fields": {"created_at": "2014-01-29T08:12:22.625Z", "updated_at": "2014-01-29T08:12:22.625Z", "content": "\u05d4\u05de\u05d9\u05dc\u05d4 \u05de\u05d7\u05d0\u05d4 \u05dc\u05d0 \u05d7\u05d9\u05d9\u05d1\u05ea \u05dc\u05d4\u05d9\u05db\u05ea\u05d1 \u05d1\u05e9\u05d5\u05dd \u05e6\u05d5\u05e8\u05d4. \r\n\u05e4\u05e9\u05d5\u05d8 \u05d4\u05ea\u05de\u05e7\u05d3 \u05d1\u05de\u05d4 \u05d0\u05ea\u05d4 \u05de\u05d6\u05de\u05d9\u05df \u05d0\u05ea \u05d4\u05e7\u05d5\u05e8\u05d0\u05d9\u05dd \u05dc\u05e2\u05e9\u05d5\u05ea. \"\u05d1\u05d5\u05d0\u05d5 \u05e0\u05e6\u05d1\u05d9\u05e2 \u05d0\u05e0\u05d7\u05e0\u05d5 \u05d1\u05e6\u05d5\u05e8\u05d4 \u05d9\u05e9\u05d9\u05e8\u05d4 \u05d5\u05de\u05d9\u05d3\u05d9\u05ea, \u05e2\u05db\u05e9\u05d9\u05d5, \u05db\u05d3\u05d9 \u05e9\u05e0\u05e1\u05e4\u05d9\u05e7 \u05dc\u05e9\u05e7\u05e3 \u05d0\u05ea \u05e8\u05d7\u05e9\u05d9 \u05dc\u05d9\u05d1\u05d5 \u05e9\u05dc \u05d4\u05e6\u05d9\u05d1\u05d5\u05e8. \u05d0\u05dd \u05db\u05dc \u05de\u05d9 \u05e9\u05e7\u05d5\u05e8\u05d0 \u05d0\u05ea \u05d4\u05e4\u05e8\u05e1\u05d5\u05dd \u05d4\u05d6\u05d4 \u05d9\u05e4\u05d9\u05e5 \u05d0\u05d5\u05ea\u05d5 \u05dc\u05d7\u05d1\u05e8\u05d9\u05dd \u05e9\u05dc\u05d4\u05dd \u05d5\u05dc\u05d7\u05d1\u05e8\u05d9\u05dd \u05e9\u05dc\u05d4\u05dd, \u05d9\u05e9\u05ea\u05e3 \u05de\u05e7\u05d9\u05e8 \u05dc\u05e7\u05d9\u05e8 \u05d0\u05d6 \u05e0\u05d5\u05db\u05dc \u05dc\u05db\u05e9\u05d9\u05d1\u05d7\u05e8 \u05e0\u05e9\u05d9\u05d0 \u05dc\u05d4\u05d9\u05de\u05e0\u05e2 \u05de\u05e6\u05e7\u05e6\u05d5\u05e7 \u05e9\u05e4\u05ea\u05d9\u05d9\u05dd \u05d0\u05dc\u05d0 \u05dc\u05d3\u05e2\u05ea \u05e9\u05d1\u05d9\u05d7\u05d3 \u05e2\u05e9\u05d9\u05e0\u05d5 \u05d3\u05d1\u05e8\u05d9\u05dd. \u05d1\u05d9\u05d7\u05d3 \u05db\u05d5\u05dc\u05e0\u05d5 \u05d0\u05d7\u05e8\u05d0\u05d9\u05d9\u05dd \u05d5\u05de\u05d7\u05d5\u05d9\u05d1\u05d9\u05dd\"", "user": 3, "feedbabk_type": 4, "discussion": 32}}, {"pk": 77, "model": "coplay.feedback", "fields": {"created_at": "2014-01-29T08:56:38.090Z", "updated_at": "2014-01-29T08:56:38.090Z", "content": "\u05d0\u05e0\u05d9 \u05d7\u05d5\u05e9\u05d1 \u05e9\u05d0\u05d9\u05df \u05d1\u05e2\u05d9\u05d4 \u05d1\u05e4\u05e8\u05e1\u05d5\u05dd \u05d4\u05e7\u05d8\u05e2, \u05d0\u05da \u05de\u05e6\u05d9\u05e2 \u05dc\u05d4\u05e7\u05e4\u05d9\u05d3 \u05dc\u05e9\u05de\u05d5\u05e2 \u05d2\u05dd \u05d0\u05ea \u05d3\u05e2\u05ea\u05d4 \u05e9\u05dc \u05e4\u05d5\u05dc\u05d9\u05e0\u05d4 (\u05d0\u05d5 \u05e9\u05dc \u05d9\u05d5\u05d1\u05dc) \u05dc\u05e4\u05e0\u05d9 \u05d4\u05de\u05e9\u05dc\u05d5\u05d7.\r\n\r\n\u05dc\u05e2\u05e6\u05dd \u05d4\u05d8\u05e7\u05e1\u05d8, \u05d4\u05d9\u05d9\u05ea\u05d9 \u05de\u05d7\u05d3\u05d3 \u05e7\u05e6\u05ea \u05d0\u05ea \u05d4\u05d7\u05d9\u05d1\u05d5\u05e8 \u05d1\u05d9\u05df \u05e9\u05d0\u05dc\u05ea \u05d4\u05e0\u05e9\u05d9\u05d0 \u05dc\u05e9\u05d0\u05dc\u05ea \u05d4\u05e7\u05d5\u05d3 \u05d4\u05e4\u05ea\u05d5\u05d7 - \u05dc\u05d9 \u05d4\u05d9\u05d0 \u05d1\u05e8\u05d5\u05e8\u05d4, \u05d0\u05da \u05d4\u05d0\u05ea\u05d2\u05e8 \u05d4\u05d5\u05d0 \u05dc\u05e0\u05e1\u05d5\u05ea \u05d5\u05dc\u05e7\u05e8\u05d5\u05d0 \u05d0\u05ea \u05de\u05d4 \u05e9\u05db\u05ea\u05d1\u05ea \u05de\u05e0\u05e7\u05d5\u05d3\u05ea \u05de\u05d1\u05d8 \u05e9\u05dc \u05de\u05d9 \u05e9\u05e0\u05ea\u05e7\u05dc \u05d1\u05de\u05d5\u05e0\u05d7 \"\u05e7\u05d5\u05d3 \u05e4\u05ea\u05d5\u05d7\" \u05d1\u05e4\u05e2\u05dd \u05d4\u05e8\u05d0\u05e9\u05d5\u05e0\u05d4.", "user": 45, "feedbabk_type": 4, "discussion": 32}}, {"pk": 78, "model": "coplay.feedback", "fields": {"created_at": "2014-01-29T09:04:51.750Z", "updated_at": "2014-01-29T09:04:51.750Z", "content": "\u05d0\u05d9\u05df \u05dc\u05d9 \u05de\u05d5\u05e9\u05d2 \u05e2\u05dc \u05de\u05d4 \u05d0\u05ea \u05de\u05d3\u05d1\u05e8\u05ea.\r\n\u05ea\u05d5\u05db\u05dc\u05d9 \u05d1\u05d1\u05e7\u05e9\u05d4 \u05dc\u05d4\u05d9\u05d5\u05ea \u05d9\u05d5\u05ea\u05e8 \u05d1\u05e8\u05d5\u05e8\u05d4 ", "user": 3, "feedbabk_type": 3, "discussion": 30}}, {"pk": 79, "model": "coplay.feedback", "fields": {"created_at": "2014-01-29T09:06:19.907Z", "updated_at": "2014-01-29T09:06:19.907Z", "content": "\u05d3\u05d5\u05d2\u05de\u05d4 \u05d0\u05d9\u05e9\u05d9\u05ea", "user": 3, "feedbabk_type": 4, "discussion": 30}}, {"pk": 80, "model": "coplay.feedback", "fields": {"created_at": "2014-01-31T10:32:40.628Z", "updated_at": "2014-01-31T10:32:40.629Z", "content": "\u05d0\u05e0\u05d9 \u05dc\u05d0 \u05d0\u05d5\u05de\u05e8 \"\u05d7\u05d2\u05d9 \u05ea\u05e2\u05e9\u05d4 \u05dc\u05d9 \u05d9\u05dc\u05d3\" \u05db\u05d9 \u05d1\u05e0\u05d5\u05e9\u05d0 \u05d4\u05d6\u05d4 \u05d0\u05e0\u05d9 \u05de\u05e1\u05d5\u05d3\u05e8.\r\n\u05dc\u05d0 \u05d0\u05d5\u05de\u05e8 \u05db\u05de\u05d5 \u05de\u05d9\u05e8\u05d9 \u05de\u05e1\u05d9\u05e7\u05d4 \u05d1\u05db\u05d5\u05db\u05d1 \u05e0\u05d5\u05dc\u05d3 \"\u05d0\u05dd \u05d4\u05d9\u05d9\u05ea\u05d9 \u05de\u05e2\u05e8\u05d9\u05e6\u05d4 \u05d1\u05ea 16 \u05d4\u05d9\u05d9\u05ea\u05d9 \u05d6\u05d5\u05e8\u05e7\u05ea \u05dc\u05da \u05d0\u05ea \u05d4\u05d7\u05d6\u05d9\u05d4 \u05dc\u05d1\u05de\u05d4\"\r\n\u05d0\u05e1\u05ea\u05e4\u05e7 \u05d1\"\u05d7\u05d2\u05d9, \u05ea\u05e2\u05e9\u05d4 \u05dc\u05d9 \u05e2\u05d5\u05dc\u05dd \u05e9\u05d1\u05d5 \u05e8\u05e2\u05d9\u05d5\u05e0\u05d5\u05ea \u05e9\u05d5\u05d9\u05dd \u05d4\u05db\u05dc\"", "user": 3, "feedbabk_type": 1, "discussion": 31}}, {"pk": 81, "model": "coplay.feedback", "fields": {"created_at": "2014-02-03T13:05:56.345Z", "updated_at": "2014-02-03T13:05:56.345Z", "content": "fffff", "user": 46, "feedbabk_type": 1, "discussion": 34}}, {"pk": 82, "model": "coplay.feedback", "fields": {"created_at": "2014-02-03T13:22:15.212Z", "updated_at": "2014-02-03T13:22:15.212Z", "content": "dddddd", "user": 46, "feedbabk_type": 2, "discussion": 34}}, {"pk": 83, "model": "coplay.feedback", "fields": {"created_at": "2014-02-03T13:48:50.700Z", "updated_at": "2014-02-03T13:48:50.701Z", "content": "ddddd", "user": 46, "feedbabk_type": 1, "discussion": 34}}, {"pk": 84, "model": "coplay.feedback", "fields": {"created_at": "2014-02-03T13:50:40.444Z", "updated_at": "2014-02-03T13:50:40.444Z", "content": "favadv", "user": 46, "feedbabk_type": 2, "discussion": 34}}, {"pk": 85, "model": "coplay.feedback", "fields": {"created_at": "2014-02-03T14:02:58.909Z", "updated_at": "2014-02-03T14:02:58.909Z", "content": "ddddd", "user": 46, "feedbabk_type": 1, "discussion": 34}}, {"pk": 1, "model": "coplay.vote", "fields": {"voater": 3, "decision": 2, "created_at": "2014-01-06T00:41:56.073Z", "value": 2, "updated_at": "2014-01-06T00:41:56.073Z"}}, {"pk": 2, "model": "coplay.vote", "fields": {"voater": 3, "decision": 1, "created_at": "2014-01-06T00:42:00.824Z", "value": 5, "updated_at": "2014-01-06T00:42:00.824Z"}}, {"pk": 3, "model": "coplay.vote", "fields": {"voater": 4, "decision": 2, "created_at": "2014-01-06T00:44:58.877Z", "value": 2, "updated_at": "2014-01-06T01:01:04.756Z"}}, {"pk": 4, "model": "coplay.vote", "fields": {"voater": 4, "decision": 1, "created_at": "2014-01-06T00:45:07.917Z", "value": 4, "updated_at": "2014-01-06T01:01:16.806Z"}}, {"pk": 5, "model": "coplay.vote", "fields": {"voater": 2, "decision": 2, "created_at": "2014-01-06T00:52:24.588Z", "value": 5, "updated_at": "2014-01-06T01:00:31.178Z"}}, {"pk": 6, "model": "coplay.vote", "fields": {"voater": 2, "decision": 1, "created_at": "2014-01-06T00:52:30.257Z", "value": 5, "updated_at": "2014-01-06T01:00:38.098Z"}}, {"pk": 7, "model": "coplay.vote", "fields": {"voater": 5, "decision": 3, "created_at": "2014-01-06T07:59:46.074Z", "value": 1, "updated_at": "2014-01-06T09:36:20.424Z"}}, {"pk": 8, "model": "coplay.vote", "fields": {"voater": 5, "decision": 11, "created_at": "2014-01-06T13:26:29.795Z", "value": 1, "updated_at": "2014-01-06T13:26:29.795Z"}}, {"pk": 9, "model": "coplay.vote", "fields": {"voater": 5, "decision": 1, "created_at": "2014-01-06T14:27:07.119Z", "value": 5, "updated_at": "2014-01-06T14:27:07.119Z"}}, {"pk": 10, "model": "coplay.vote", "fields": {"voater": 1, "decision": 11, "created_at": "2014-01-06T14:34:22.126Z", "value": 5, "updated_at": "2014-01-06T14:34:22.127Z"}}, {"pk": 11, "model": "coplay.vote", "fields": {"voater": 9, "decision": 11, "created_at": "2014-01-06T17:52:51.781Z", "value": 5, "updated_at": "2014-01-06T17:52:51.781Z"}}, {"pk": 12, "model": "coplay.vote", "fields": {"voater": 2, "decision": 10, "created_at": "2014-01-06T18:01:33.997Z", "value": 3, "updated_at": "2014-01-06T18:01:33.998Z"}}, {"pk": 13, "model": "coplay.vote", "fields": {"voater": 6, "decision": 9, "created_at": "2014-01-08T09:48:59.941Z", "value": 5, "updated_at": "2014-01-13T18:35:22.815Z"}}, {"pk": 14, "model": "coplay.vote", "fields": {"voater": 6, "decision": 11, "created_at": "2014-01-08T10:16:52.746Z", "value": 5, "updated_at": "2014-01-13T18:35:43.920Z"}}, {"pk": 15, "model": "coplay.vote", "fields": {"voater": 14, "decision": 11, "created_at": "2014-01-11T09:09:32.581Z", "value": 3, "updated_at": "2014-01-11T09:09:32.581Z"}}, {"pk": 16, "model": "coplay.vote", "fields": {"voater": 1, "decision": 3, "created_at": "2014-01-13T15:57:37.911Z", "value": 5, "updated_at": "2014-01-13T15:57:48.613Z"}}, {"pk": 17, "model": "coplay.vote", "fields": {"voater": 29, "decision": 12, "created_at": "2014-01-13T17:21:58.897Z", "value": 5, "updated_at": "2014-01-13T17:21:58.897Z"}}, {"pk": 18, "model": "coplay.vote", "fields": {"voater": 9, "decision": 12, "created_at": "2014-01-13T17:22:40.726Z", "value": 5, "updated_at": "2014-01-13T17:22:40.726Z"}}, {"pk": 19, "model": "coplay.vote", "fields": {"voater": 4, "decision": 12, "created_at": "2014-01-13T17:24:54.358Z", "value": 1, "updated_at": "2014-01-13T17:24:54.358Z"}}, {"pk": 20, "model": "coplay.vote", "fields": {"voater": 6, "decision": 10, "created_at": "2014-01-13T18:35:29.731Z", "value": 5, "updated_at": "2014-01-13T18:35:29.731Z"}}, {"pk": 22, "model": "coplay.vote", "fields": {"voater": 30, "decision": 16, "created_at": "2014-01-15T06:03:50.235Z", "value": 5, "updated_at": "2014-01-15T06:04:00.789Z"}}, {"pk": 23, "model": "coplay.vote", "fields": {"voater": 30, "decision": 17, "created_at": "2014-01-15T06:04:08.225Z", "value": 5, "updated_at": "2014-01-15T06:04:08.225Z"}}, {"pk": 24, "model": "coplay.vote", "fields": {"voater": 30, "decision": 18, "created_at": "2014-01-15T06:04:15.429Z", "value": 1, "updated_at": "2014-01-15T06:04:15.429Z"}}, {"pk": 25, "model": "coplay.vote", "fields": {"voater": 2, "decision": 19, "created_at": "2014-01-16T08:48:28.466Z", "value": 4, "updated_at": "2014-01-23T10:38:38.052Z"}}, {"pk": 26, "model": "coplay.vote", "fields": {"voater": 2, "decision": 18, "created_at": "2014-01-16T08:50:04.267Z", "value": 5, "updated_at": "2014-01-23T10:38:49.695Z"}}, {"pk": 27, "model": "coplay.vote", "fields": {"voater": 2, "decision": 17, "created_at": "2014-01-16T08:50:32.319Z", "value": 4, "updated_at": "2014-01-16T08:50:32.319Z"}}, {"pk": 28, "model": "coplay.vote", "fields": {"voater": 2, "decision": 16, "created_at": "2014-01-16T08:50:43.842Z", "value": 5, "updated_at": "2014-01-23T10:39:09.623Z"}}, {"pk": 29, "model": "coplay.vote", "fields": {"voater": 3, "decision": 23, "created_at": "2014-01-16T22:31:20.797Z", "value": 4, "updated_at": "2014-01-16T22:31:20.797Z"}}, {"pk": 30, "model": "coplay.vote", "fields": {"voater": 2, "decision": 23, "created_at": "2014-01-19T08:49:38.214Z", "value": 5, "updated_at": "2014-01-19T08:49:38.214Z"}}, {"pk": 31, "model": "coplay.vote", "fields": {"voater": 2, "decision": 22, "created_at": "2014-01-19T08:49:59.522Z", "value": 2, "updated_at": "2014-01-19T08:49:59.522Z"}}, {"pk": 32, "model": "coplay.vote", "fields": {"voater": 9, "decision": 23, "created_at": "2014-01-19T23:51:21.564Z", "value": 4, "updated_at": "2014-01-19T23:51:36.662Z"}}, {"pk": 33, "model": "coplay.vote", "fields": {"voater": 2, "decision": 29, "created_at": "2014-01-23T10:35:25.207Z", "value": 4, "updated_at": "2014-01-23T10:35:25.207Z"}}, {"pk": 34, "model": "coplay.vote", "fields": {"voater": 2, "decision": 28, "created_at": "2014-01-23T10:36:18.516Z", "value": 5, "updated_at": "2014-01-23T10:36:18.516Z"}}, {"pk": 35, "model": "coplay.vote", "fields": {"voater": 2, "decision": 27, "created_at": "2014-01-23T10:36:36.437Z", "value": 5, "updated_at": "2014-01-23T10:36:36.437Z"}}, {"pk": 36, "model": "coplay.vote", "fields": {"voater": 2, "decision": 26, "created_at": "2014-01-23T10:36:52.125Z", "value": 5, "updated_at": "2014-01-23T10:36:52.125Z"}}, {"pk": 37, "model": "coplay.vote", "fields": {"voater": 2, "decision": 25, "created_at": "2014-01-23T10:37:02.742Z", "value": 5, "updated_at": "2014-01-23T10:37:02.743Z"}}, {"pk": 38, "model": "coplay.vote", "fields": {"voater": 2, "decision": 24, "created_at": "2014-01-23T10:37:59.720Z", "value": 5, "updated_at": "2014-01-23T10:37:59.720Z"}}, {"pk": 39, "model": "coplay.vote", "fields": {"voater": 3, "decision": 34, "created_at": "2014-01-25T11:48:50.209Z", "value": 3, "updated_at": "2014-01-26T23:15:02.052Z"}}, {"pk": 40, "model": "coplay.vote", "fields": {"voater": 3, "decision": 33, "created_at": "2014-01-25T11:51:40.592Z", "value": 2, "updated_at": "2014-01-26T23:15:20.479Z"}}, {"pk": 41, "model": "coplay.vote", "fields": {"voater": 2, "decision": 32, "created_at": "2014-01-25T18:18:36.418Z", "value": 3, "updated_at": "2014-01-25T18:18:36.418Z"}}, {"pk": 42, "model": "coplay.vote", "fields": {"voater": 9, "decision": 32, "created_at": "2014-01-25T21:52:24.204Z", "value": 2, "updated_at": "2014-01-25T21:52:24.204Z"}}, {"pk": 43, "model": "coplay.vote", "fields": {"voater": 3, "decision": 35, "created_at": "2014-01-26T23:14:40.788Z", "value": 5, "updated_at": "2014-01-26T23:14:40.788Z"}}, {"pk": 44, "model": "coplay.vote", "fields": {"voater": 3, "decision": 37, "created_at": "2014-01-31T10:28:30.354Z", "value": 5, "updated_at": "2014-01-31T10:28:30.354Z"}}, {"pk": 1, "model": "coplay.task", "fields": {"status": 3, "parent": 1, "target_date": "2014-01-06T01:40:00Z", "created_at": "2014-01-06T00:48:40.364Z", "responsible": 1, "updated_at": "2014-01-06T14:30:02.889Z", "closed_at": null, "goal_description": "a goal", "status_description": "a new status", "closed_by": null}}, {"pk": 2, "model": "coplay.task", "fields": {"status": 2, "parent": 2, "target_date": "2014-01-08T00:00:00Z", "created_at": "2014-01-06T08:00:56.567Z", "responsible": 3, "updated_at": "2014-01-06T08:08:52.465Z", "closed_at": "2014-01-06T08:08:52.464Z", "goal_description": "Add a hebrew support", "status_description": "this is the version with hebrw , please test", "closed_by": 5}}, {"pk": 3, "model": "coplay.task", "fields": {"status": 3, "parent": 2, "target_date": "2014-01-06T08:06:00Z", "created_at": "2014-01-06T08:04:36.382Z", "responsible": 5, "updated_at": "2014-01-06T08:06:48.330Z", "closed_at": null, "goal_description": "shal never achived", "status_description": null, "closed_by": null}}, {"pk": 4, "model": "coplay.task", "fields": {"status": 2, "parent": 2, "target_date": "2014-01-06T22:00:00Z", "created_at": "2014-01-06T08:20:06.293Z", "responsible": 3, "updated_at": "2014-01-06T09:26:37.555Z", "closed_at": "2014-01-06T09:26:37.554Z", "goal_description": "deploy to heroku", "status_description": "maybe late", "closed_by": 5}}, {"pk": 5, "model": "coplay.task", "fields": {"status": 1, "parent": 2, "target_date": "2024-01-02T00:00:00Z", "created_at": "2014-01-06T13:28:06.192Z", "responsible": 5, "updated_at": "2014-01-06T13:28:06.192Z", "closed_at": null, "goal_description": "starting status example", "status_description": null, "closed_by": null}}, {"pk": 6, "model": "coplay.task", "fields": {"status": 3, "parent": 2, "target_date": "2014-01-10T00:00:00Z", "created_at": "2014-01-07T08:57:06.621Z", "responsible": 3, "updated_at": "2014-01-11T08:49:35.143Z", "closed_at": null, "goal_description": "www.kuterless.org.il\r\n\u05d9\u05d5\u05e6\u05d0 \u05dc\u05d3\u05e8\u05da\r\n\r\n\r\n", "status_description": "\u05de\u05d9\u05db\u05d0\u05dc \u05e8\u05e5 \u05e2\u05dd \u05d4\u05d0\u05e0\u05d2\u05d5\u05dc\u05e8", "closed_by": null}}, {"pk": 9, "model": "coplay.task", "fields": {"status": 3, "parent": 18, "target_date": "2014-01-21T00:00:00Z", "created_at": "2014-01-15T09:52:10.811Z", "responsible": 3, "updated_at": "2014-01-21T09:45:38.921Z", "closed_at": null, "goal_description": "\u05d0\u05ea\u05e7\u05e9\u05e8 \u05dc\u05d0\u05de\u05d9\u05e8 \u05db\u05d3\u05d9 \u05dc\u05e2\u05d3\u05db\u05df \u05d0\u05d5\u05ea\u05d5 \u05d0\u05d5\u05d3\u05d5\u05ea \u05d4\u05ea\u05db\u05d5\u05e0\u05d5\u05ea \u05d4\u05d7\u05d3\u05e9\u05d5\u05ea \u05e9\u05dc \u05d4\u05d0\u05ea\u05e8 \u05d5\u05e2\u05dc \u05d4\u05ea\u05d5\u05e6\u05d0\u05d5\u05ea \u05e9\u05dc \u05de\u05e4\u05d2\u05e9 \u05d4\u05e4\u05d9\u05ea\u05d5\u05d7", "status_description": "\u05d0\u05ea\u05e7\u05e9\u05e8 \u05d0\u05dc\u05d9\u05d5 \u05de\u05d7\u05e8 \u05d1\u05d1\u05d5\u05e7\u05e8", "closed_by": null}}, {"pk": 10, "model": "coplay.task", "fields": {"status": 3, "parent": 8, "target_date": "2014-01-20T00:00:00Z", "created_at": "2014-01-16T09:03:31.438Z", "responsible": 2, "updated_at": "2014-01-20T15:45:47.814Z", "closed_at": null, "goal_description": "\u05dc\u05e4\u05ea\u05d5\u05d7 \u05d3\u05d9\u05d5\u05df \u05e2\u05d1\u05d5\u05e8 \u05db\u05dc \u05e8\u05e2\u05d9\u05d5\u05df \u05e9\u05dc \u05e1\u05e8\u05d8\u05d5\u05df.", "status_description": null, "closed_by": null}}, {"pk": 11, "model": "coplay.task", "fields": {"status": 3, "parent": 20, "target_date": "2014-01-20T00:00:00Z", "created_at": "2014-01-19T08:03:43.284Z", "responsible": 2, "updated_at": "2014-01-20T15:44:50.464Z", "closed_at": null, "goal_description": "\u05d0\u05e0\u05d9 \u05d9\u05e2\u05dc\u05d4 \u05d0\u05ea \u05d4\u05e0\u05d5\u05e9\u05d0 \u05d1\u05e4\u05d2\u05d9\u05e9\u05d4 \u05d4\u05e9\u05d1\u05d5\u05e2\u05d9\u05ea \u05d4\u05e7\u05e8\u05d5\u05d1\u05d4. \u05d5\u05d9\u05d1\u05e7\u05e9 \u05de\u05d4\u05de\u05e9\u05ea\u05ea\u05e4\u05d9\u05dd \u05d4\u05ea\u05d9\u05d9\u05d7\u05e1\u05d5\u05ea.", "status_description": null, "closed_by": null}}, {"pk": 12, "model": "coplay.task", "fields": {"status": 3, "parent": 17, "target_date": "2014-01-21T00:00:00Z", "created_at": "2014-01-19T10:42:09.525Z", "responsible": 3, "updated_at": "2014-01-21T00:00:39.129Z", "closed_at": null, "goal_description": "\u05d4\u05d5\u05e1\u05e4\u05ea \u05d4\u05d2\u05d1\u05dc\u05ea \u05de\u05e9\u05da \u05d4\u05e4\u05e2\u05d9\u05dc\u05d5\u05ea \u05d5\u05e0\u05e2\u05d9\u05dc\u05d4 \u05e9\u05dc \u05d4\u05e4\u05e2\u05d9\u05dc\u05d5\u05ea \u05d1\u05d4\u05e2\u05d3\u05e8 \u05d4\u05ea\u05e7\u05d3\u05de\u05d5\u05ea \u05e9\u05dc \u05d4\u05de\u05e9\u05d9\u05de\u05d5\u05ea \u05d4\u05e7\u05e9\u05d5\u05e8\u05d5\u05ea \u05d1\u05d3\u05d9\u05d5\u05df. ", "status_description": "\u05d0\u05d7\u05e8\u05d9 \u05e9\u05d9\u05d7\u05d4 \u05e2\u05dd \u05d7\u05d2\u05d9 \u05d4\u05d2\u05e2\u05e0\u05d5 \u05dc\u05d6\u05d4 \u05e9\u05d4\u05de\u05e2\u05e8\u05db\u05ea \u05d7\u05d9\u05d9\u05d1\u05ea \u05dc\u05d9\u05e6\u05d5\u05e8 \u05d0\u05d9\u05dc\u05d5\u05e5 \u05e9\u05dc \u05d6\u05de\u05df. \u05d1\u05de\u05e4\u05d2\u05e9\u05d9 CoPlay \u05d4\u05e4\u05d9\u05d6\u05d9\u05d9\u05dd \u05d9\u05d5\u05d6\u05dd \u05d4\u05e4\u05e2\u05d9\u05dc\u05d5\u05ea \u05d7\u05d9\u05d9\u05d1 \u05dc\u05e7\u05d7\u05ea \u05e2\u05dc \u05e2\u05e6\u05de\u05d5 \u05dc\u05e4\u05d7\u05d5\u05ea \u05de\u05e9\u05d9\u05de\u05d4 \u05de\u05d3\u05d9\u05d3\u05d4 \u05d0\u05d7\u05ea \u05dc\u05d1\u05d9\u05e6\u05d5\u05e2 \u05ea\u05d5\u05da \u05e9\u05d1\u05d5\u05e2.\r\n\u05d0\u05e0\u05d9 \u05de\u05d5\u05e1\u05d9\u05e3 \u05dc\u05db\u05df \u05d0\u05d9\u05dc\u05d5\u05e5 \u05d6\u05de\u05df \u05e9\u05d9\u05d0\u05dc\u05e5 \u05d4\u05ea\u05e7\u05d3\u05de\u05d5\u05ea \u05e9\u05dc \u05d4\u05e4\u05e2\u05d9\u05dc\u05d5\u05ea", "closed_by": null}}, {"pk": 13, "model": "coplay.task", "fields": {"status": 3, "parent": 17, "target_date": "2014-01-21T00:00:00Z", "created_at": "2014-01-19T12:49:47.768Z", "responsible": 3, "updated_at": "2014-01-21T00:02:13.150Z", "closed_at": null, "goal_description": "\u05e4\u05d9\u05ea\u05e8\u05d5\u05df \u05d1\u05e2\u05d9\u05d5\u05ea \u05d1\u05d4\u05e8\u05e9\u05de\u05d4", "status_description": "\u05ea\u05d9\u05e7\u05e0\u05ea\u05d9 \u05d4\u05e6\u05d2\u05ea \u05d8\u05d5\u05e4\u05e1 \u05e2\u05d3\u05db\u05d5\u05df \u05d1\u05de\u05e7\u05d5\u05dd \u05d8\u05d5\u05e4\u05e1 \u05e8\u05d9\u05e9\u05d5\u05dd \u05de\u05e9\u05ea\u05de\u05e9.\r\n\u05ea\u05d5\u05e7\u05df", "closed_by": null}}, {"pk": 15, "model": "coplay.task", "fields": {"status": 3, "parent": 7, "target_date": "2014-01-26T00:00:00Z", "created_at": "2014-01-20T10:41:58.931Z", "responsible": 3, "updated_at": "2014-01-26T05:23:29.671Z", "closed_at": null, "goal_description": "\u05e4\u05d2\u05d9\u05e9\u05d4 \u05e2\u05dd \u05e1\u05d2\u05dc \u05d4\u05e1\u05d3\u05e0\u05d0", "status_description": "\u05d4\u05d6\u05e0\u05ea\u05d9 \u05d1\u05d8\u05e2\u05d5\u05ea \u05de\u05d5\u05e2\u05d3 \u05de\u05d5\u05e7\u05d3\u05dd \u05de\u05d3\u05d9 \u05de\u05d4\u05de\u05d5\u05e2\u05d3 \u05e9\u05dc \u05d4\u05e4\u05d2\u05d9\u05e9\u05d4.\r\n\u05d0\u05e9\u05de\u05d7 \u05e9\u05ea\u05d9\u05e1\u05d2\u05e8\u05d5 \u05dc\u05d9 \u05d0\u05ea \u05d4\u05de\u05e9\u05d9\u05de\u05d4", "closed_by": null}}, {"pk": 16, "model": "coplay.task", "fields": {"status": 3, "parent": 17, "target_date": "2014-01-22T00:00:00Z", "created_at": "2014-01-21T08:28:57.931Z", "responsible": 3, "updated_at": "2014-01-23T10:17:46.423Z", "closed_at": null, "goal_description": "\u05d4\u05d5\u05e1\u05e4\u05ea \u05db\u05e4\u05ea\u05d5\u05e8 \u05d1\u05d0\u05de\u05e6\u05e2 \u05de\u05e1\u05da \u05de\u05e9\u05d9\u05de\u05d4\r\n\"\u05dc\u05e1\u05d2\u05d9\u05e8\u05ea \u05d4\u05de\u05e9\u05d9\u05de\u05d4 \u05dc\u05d7\u05e5 \u05db\u05d0\u05df\"", "status_description": null, "closed_by": null}}, {"pk": 17, "model": "coplay.task", "fields": {"status": 1, "parent": 17, "target_date": "2014-02-04T00:00:00Z", "created_at": "2014-01-24T15:11:38.643Z", "responsible": 3, "updated_at": "2014-01-24T15:11:38.643Z", "closed_at": null, "goal_description": "\u05e9\u05dc\u05d9\u05d7\u05ea \u05d4\u05d5\u05d3\u05e2\u05d5\u05ea \u05dc\u05de\u05e9\u05ea\u05de\u05e9\u05d9\u05dd \u05de\u05d4\u05d0\u05ea\u05e8", "status_description": null, "closed_by": null}}, {"pk": 18, "model": "coplay.task", "fields": {"status": 2, "parent": 17, "target_date": "2014-01-28T00:00:00Z", "created_at": "2014-01-24T15:16:26.807Z", "responsible": 3, "updated_at": "2014-01-24T15:20:07.513Z", "closed_at": "2014-01-24T15:20:07.513Z", "goal_description": "\u05dc\u05e7\u05d7\u05ea\u05d9 \u05e2\u05dc \u05e2\u05e6\u05de\u05d9 \u05de\u05e9\u05d9\u05de\u05d4 \u05d4\u05e8\u05d2\u05e2 \u05d0\u05d1\u05dc \u05de\u05e9\u05da \u05d4\u05d6\u05de\u05df \u05dc\u05e0\u05e2\u05d9\u05dc\u05d4 \u05dc\u05d0 \u05d4\u05ea\u05d0\u05e8\u05da. \u05d0\u05d7\u05e8\u05d9 \u05ea\u05d9\u05e7\u05d5\u05df \u05de\u05e9\u05da \u05d4\u05d6\u05de\u05df \u05dc\u05e0\u05e2\u05d9\u05dc\u05d4 \u05d9\u05ea\u05e2\u05d3\u05db\u05df \u05dc\u05e9\u05d1\u05d5\u05e2 \u05d1\u05d4\u05d6\u05e0\u05ea \u05db\u05dc \u05de\u05e9\u05d9\u05de\u05d4 \u05d7\u05d3\u05e9\u05d4", "status_description": null, "closed_by": 2}}, {"pk": 19, "model": "coplay.task", "fields": {"status": 1, "parent": 24, "target_date": "2014-02-01T00:00:00Z", "created_at": "2014-01-25T17:32:02.013Z", "responsible": 3, "updated_at": "2014-01-25T17:32:02.013Z", "closed_at": null, "goal_description": "\u05db\u05dc \u05e2\u05d5\u05d3 \u05d4\u05d4\u05d5\u05d3\u05e2\u05d5\u05ea \u05d4\u05d0\u05d5\u05d8\u05d5\u05de\u05d8\u05d9\u05d5\u05ea \u05dc\u05e2\u05d3\u05db\u05d5\u05e0\u05d9 \u05d4\u05de\u05e9\u05ea\u05ea\u05e4\u05d9\u05dd \u05d0\u05e9\u05dc\u05d7 \u05dc\u05e4\u05d7\u05d5\u05ea \u05e4\u05e2\u05dd \u05d1\u05e9\u05d1\u05d5\u05e2 \u05e2\u05d3\u05db\u05d5\u05df \u05d1\u05dc\u05ea\u05d9 \u05d0\u05d5\u05d8\u05d5\u05de\u05d8\u05d9 \u05d1\u05e7\u05d9\u05e8 \u05e9\u05dc\u05da \u05d1\u05e4\u05d9\u05d9\u05e1\u05d1\u05d5\u05e7 \u05d1\u05de\u05e7\u05d5\u05dd \u05d4\u05de\u05e2\u05e8\u05db\u05ea.", "status_description": null, "closed_by": null}}, {"pk": 20, "model": "coplay.task", "fields": {"status": 3, "parent": 25, "target_date": "2014-01-27T00:00:00Z", "created_at": "2014-01-26T12:53:13.852Z", "responsible": 2, "updated_at": "2014-01-27T07:18:13.473Z", "closed_at": null, "goal_description": "\u05dc\u05d9\u05e6\u05e8 \u05d8\u05d5\u05e4\u05e1 \u05d4\u05e6\u05d1\u05e2\u05d4", "status_description": "\u05d4\u05db\u05e0\u05ea\u05d9 \u05d1\u05e7\u05d9\u05e9\u05d5\u05e8 \u05d4\u05d1\u05d0 \u05d3\u05e3 \u05de\u05e9\u05d5\u05dc\u05d1 \u05d1\u05d8\u05d5\u05e4\u05e1 \u05e9\u05dc \u05d2\u05d5\u05d2\u05dc.\r\nhttp://www.folkman.info/President/", "closed_by": null}}, {"pk": 21, "model": "coplay.task", "fields": {"status": 3, "parent": 25, "target_date": "2014-01-27T00:00:00Z", "created_at": "2014-01-26T15:14:20.084Z", "responsible": 2, "updated_at": "2014-01-27T07:22:31.192Z", "closed_at": null, "goal_description": "\u05dc\u05d4\u05db\u05d9\u05df \u05de\u05e6\u05d2\u05ea", "status_description": "\u05d4\u05e2\u05dc\u05ea\u05d9 \u05d0\u05ea \u05d4\u05de\u05e6\u05d2\u05ea \u05dc\u05e4\u05d9\u05d9\u05e1\u05d1\u05d5\u05e7", "closed_by": null}}, {"pk": 22, "model": "coplay.task", "fields": {"status": 1, "parent": 28, "target_date": "2014-02-04T00:00:00Z", "created_at": "2014-01-27T07:58:16.346Z", "responsible": 2, "updated_at": "2014-01-27T07:58:16.346Z", "closed_at": null, "goal_description": "\u05dc\u05d4\u05db\u05d9\u05df \u05ea\u05d5\u05db\u05e0\u05d9\u05ea \u05de\u05d9\u05de\u05d5\u05df \u05d5\u05d2\u05d9\u05d5\u05e1 \u05db\u05e1\u05e4\u05d9\u05dd.", "status_description": null, "closed_by": null}}, {"pk": 23, "model": "coplay.task", "fields": {"status": 1, "parent": 25, "target_date": "2014-01-30T00:00:00Z", "created_at": "2014-01-29T07:12:13.874Z", "responsible": 2, "updated_at": "2014-01-29T07:12:59.281Z", "closed_at": null, "goal_description": "\u05e4\u05ea\u05d9\u05d7\u05ea \u05e7\u05d1\u05d5\u05e6\u05d4 \u05d1\u05e4\u05d9\u05d9\u05e1\u05d1\u05d5\u05e7", "status_description": "\u05e0\u05e4\u05ea\u05d7\u05d4\r\nhttps://www.facebook.com/groups/596615410391593/", "closed_by": null}}, {"pk": 24, "model": "coplay.task", "fields": {"status": 2, "parent": 32, "target_date": "2014-01-30T00:00:00Z", "created_at": "2014-01-29T10:33:28.431Z", "responsible": 2, "updated_at": "2014-01-29T10:46:28.922Z", "closed_at": "2014-01-29T10:46:28.922Z", "goal_description": "\u05e2\u05d3\u05db\u05d5\u05df \u05d4\u05de\u05e1\u05de\u05da \u05d1\u05d4\u05ea\u05d7\u05e9\u05d1 \u05d1\u05d4\u05e2\u05e8\u05d5\u05ea \u05d4\u05d7\u05d1\u05e8\u05d9\u05dd.", "status_description": "\u05d4\u05e4\u05db\u05ea\u05d9 \u05d0\u05ea \u05d4\u05de\u05e1\u05de\u05da \u05dc\u05d3\u05e2\u05d4 \u05d0\u05d9\u05e9\u05d9\u05ea \u05d4\u05de\u05d9\u05d9\u05e6\u05d2 \u05d1\u05e2\u05d9\u05e7\u05e8 \u05d0\u05ea \u05d4\u05d9\u05d5\u05d6\u05de\u05d4 \"\u05d4\u05e2\u05dd \u05d1\u05d5\u05d7\u05e8 \u05e0\u05e9\u05d9\u05d0\" \u05d5\u05dc\u05d0 \u05d0\u05ea \u05d4\u05d2\u05e9\u05de\u05d4 \u05e6\u05d9\u05d1\u05d5\u05e8\u05d9\u05ea \u05d1\u05db\u05dc\u05dc\u05d5\u05ea\u05d4.", "closed_by": 3}}, {"pk": 25, "model": "coplay.task", "fields": {"status": 1, "parent": 28, "target_date": "2014-02-05T00:00:00Z", "created_at": "2014-01-29T14:30:47.299Z", "responsible": 3, "updated_at": "2014-01-29T14:30:47.299Z", "closed_at": null, "goal_description": "\u05e0\u05d5\u05e2\u05dd \u05d4\u05e6\u05d9\u05e2 \u05dc\u05d9 \u05dc\u05dc\u05de\u05d5\u05d3 \u05de\u05ea\u05d5\u05db\u05e0\u05d5 \u05e9\u05dc \u05d4\u05d5\u05d9\u05e7\u05d9 \u05db\u05d3\u05d9 \u05dc\u05d3\u05e2\u05ea \u05de\u05d4 \u05e7\u05d5\u05e8\u05d4 \u05de\u05d0\u05d7\u05d5\u05e8\u05d9 \u05d4\u05e7\u05dc\u05e2\u05d9\u05dd \u05e9\u05dc \u05d4\u05e1\u05d3\u05e0\u05d0. \u05d0\u05ea \u05d4\u05dc\u05d9\u05de\u05d5\u05d3 \u05d0\u05e0\u05d9 \u05de\u05d1\u05e6\u05e2 \u05d3\u05e8\u05da \u05d4\u05de\u05e1\u05de\u05da \u05d4\u05d1\u05d0 \r\nhttps://docs.google.com/document/d/17u_ts3b5IIQWfpwg15O1C30dmgfpsgXHq618VYkgmKs/edit?usp=sharing\r\n\r\n\u05d1\u05de\u05e1\u05de\u05da \u05d9\u05e9 \u05db\u05e8\u05d2\u05e2 3 \u05e9\u05d0\u05dc\u05d5\u05ea. \u05d9\u05d4\u05d9\u05d5 \u05dc\u05e4\u05d7\u05d5\u05ea \u05e2\u05d5\u05d3 10 \u05e2\u05d5\u05d3 \u05e9\u05d1\u05d5\u05e2 \u05de\u05e2\u05db\u05e9\u05d9\u05d5", "status_description": null, "closed_by": null}}, {"pk": 26, "model": "coplay.task", "fields": {"status": 1, "parent": 23, "target_date": "2014-02-07T00:00:00Z", "created_at": "2014-01-29T15:04:54.979Z", "responsible": 3, "updated_at": "2014-01-29T15:04:54.979Z", "closed_at": null, "goal_description": "\u05d0\u05e9\u05dc\u05d7 \u05de\u05d9\u05d9\u05dc \u05dc\u05dc\u05d9\u05d0\u05d5\u05e8 \u05d9\u05d5\u05ea\u05dd (\u05d4\u05de\u05d5\u05de\u05d7\u05d4 \u05dc\u05d0\u05d1\u05d8\u05d7\u05ea \u05d9\u05dc\u05d3\u05d9\u05dd \u05d0\u05d9\u05e0\u05d8\u05e8\u05e0\u05d8)", "status_description": null, "closed_by": null}}, {"pk": 27, "model": "coplay.task", "fields": {"status": 1, "parent": 28, "target_date": "2014-02-03T00:00:00Z", "created_at": "2014-01-31T06:55:10.849Z", "responsible": 2, "updated_at": "2014-01-31T06:55:10.849Z", "closed_at": null, "goal_description": "\u05dc\u05d4\u05e6\u05d9\u05d2 \u05d8\u05d9\u05d5\u05d8\u05d4 \u05dc\u05ea\u05d5\u05db\u05e0\u05d9\u05ea \u05de\u05d9\u05de\u05d5\u05df", "status_description": null, "closed_by": null}}, {"pk": 28, "model": "coplay.task", "fields": {"status": 2, "parent": 17, "target_date": "2014-02-10T00:00:00Z", "created_at": "2014-01-31T19:37:40.730Z", "responsible": 3, "updated_at": "2014-02-03T14:52:08.667Z", "closed_at": "2014-02-03T14:52:08.667Z", "goal_description": "\u05de\u05d9\u05d9\u05dc\u05d9\u05dd \u05d9\u05e2\u05d3\u05db\u05e0\u05d5 \u05d4\u05de\u05e9\u05ea\u05ea\u05e4\u05d9\u05dd \u05d1\u05e4\u05e2\u05d9\u05dc\u05d5\u05ea ", "status_description": "\u05d2\u05e2 \u05d8\u05e2\u05e0\u05ea\u05d9 \u05dc\u05e9\u05e8\u05ea \u05d2\u05e8\u05e1\u05d4 \u05e9\u05e9\u05d5\u05dc\u05d7\u05ea \u05de\u05d9\u05d9\u05dc \u05dc\u05db\u05dc \u05de\u05d9 \u05e9\u05d4\u05e9\u05ea\u05ea\u05e3 \u05d1\u05e4\u05e2\u05d9\u05dc\u05d5\u05ea \u05e2\u05dc \u05db\u05dc \u05e2\u05d3\u05db\u05d5\u05df.\r\n\u05d1\u05e4\u05e2\u05dd \u05d4\u05e8\u05d0\u05e9\u05d5\u05e0\u05d4 \u05db\u05e9\u05d4\u05de\u05d9\u05d9\u05dc\u05d9\u05dd \u05de\u05d2\u05d9\u05e2\u05d9\u05dd \u05dcGMAIL \u05d4\u05dd \u05e0\u05db\u05e0\u05e1\u05d9\u05dd \u05dc\u05ea\u05e7\u05d9\u05d9\u05ea SPAM\r\n\u05e6\u05e8\u05d9\u05da \u05dc\u05e1\u05de\u05df \u05d4\u05d4\u05d5\u05d3\u05e2\u05d4 \u05db \"\u05dc\u05d0 SPAM\".\r\n\u05e2\u05d5\u05d3 \u05dc\u05d0 \u05d9\u05d3\u05d5\u05e2 \u05dc\u05de\u05d4 YAHOO \u05dc\u05d0 \u05e7\u05dc\u05d8 \u05d0\u05ea \u05d4\u05de\u05d9\u05d9\u05dc.\r\n\u05d0\u05e9\u05de\u05d7 \u05e9\u05ea\u05de\u05e9\u05d9\u05db\u05d5 \u05dc\u05e2\u05d1\u05d5\u05d3 \u05e2\u05dd \u05d4\u05ea\u05db\u05d5\u05e0\u05d4 \u05d4\u05d6\u05d5 \u05db\u05d3\u05d9 \u05dc\u05e8\u05d0\u05d5\u05ea \u05d0\u05d9\u05da \u05d6\u05d4 \u05e2\u05d5\u05d6\u05e8/\u05de\u05e7\u05e9\u05d4 \u05e2\u05dc \u05d4\u05e2\u05d1\u05d5\u05d3\u05d4 - \u05d0\u05e0\u05d9 \u05de\u05e2\u05d3\u05db\u05df \u05e9\u05d5\u05d1 \u05e8\u05e7 \u05dc\u05d1\u05d3\u05d9\u05e7\u05d5\u05ea.\r\n\u05ea\u05d5\u05d3\u05d4 \u05e2\u05dc \u05d4\u05e1\u05d1\u05dc\u05e0\u05d5\u05ea", "closed_by": 6}}, {"pk": 29, "model": "coplay.task", "fields": {"status": 2, "parent": 34, "target_date": "2015-02-18T00:00:00Z", "created_at": "2014-02-03T14:07:30.700Z", "responsible": 46, "updated_at": "2014-02-03T14:08:55.675Z", "closed_at": "2014-02-03T14:08:55.674Z", "goal_description": "ffdafvdafv", "status_description": "sfasdvasvasdv", "closed_by": 3}}, {"pk": 1, "model": "admin.logentry", "fields": {"action_flag": 3, "action_time": "2014-01-13T07:29:06.100Z", "object_repr": "Test1", "object_id": "12", "change_message": "", "user": 1, "content_type": 4}}, {"pk": 2, "model": "admin.logentry", "fields": {"action_flag": 3, "action_time": "2014-01-13T07:29:06.494Z", "object_repr": "test10", "object_id": "22", "change_message": "", "user": 1, "content_type": 4}}, {"pk": 3, "model": "admin.logentry", "fields": {"action_flag": 3, "action_time": "2014-01-13T07:29:06.500Z", "object_repr": "test11", "object_id": "23", "change_message": "", "user": 1, "content_type": 4}}, {"pk": 4, "model": "admin.logentry", "fields": {"action_flag": 3, "action_time": "2014-01-13T07:29:06.504Z", "object_repr": "test12", "object_id": "24", "change_message": "", "user": 1, "content_type": 4}}, {"pk": 5, "model": "admin.logentry", "fields": {"action_flag": 3, "action_time": "2014-01-13T07:29:06.509Z", "object_repr": "test13", "object_id": "25", "change_message": "", "user": 1, "content_type": 4}}, {"pk": 6, "model": "admin.logentry", "fields": {"action_flag": 3, "action_time": "2014-01-13T07:29:06.513Z", "object_repr": "test14", "object_id": "26", "change_message": "", "user": 1, "content_type": 4}}, {"pk": 7, "model": "admin.logentry", "fields": {"action_flag": 3, "action_time": "2014-01-13T07:29:06.518Z", "object_repr": "test15", "object_id": "27", "change_message": "", "user": 1, "content_type": 4}}, {"pk": 8, "model": "admin.logentry", "fields": {"action_flag": 3, "action_time": "2014-01-13T07:29:06.522Z", "object_repr": "test16", "object_id": "29", "change_message": "", "user": 1, "content_type": 4}}, {"pk": 9, "model": "admin.logentry", "fields": {"action_flag": 3, "action_time": "2014-01-13T07:29:06.527Z", "object_repr": "test17", "object_id": "30", "change_message": "", "user": 1, "content_type": 4}}, {"pk": 10, "model": "admin.logentry", "fields": {"action_flag": 3, "action_time": "2014-01-13T07:29:06.531Z", "object_repr": "test18", "object_id": "31", "change_message": "", "user": 1, "content_type": 4}}, {"pk": 11, "model": "admin.logentry", "fields": {"action_flag": 3, "action_time": "2014-01-13T07:29:06.535Z", "object_repr": "test19", "object_id": "32", "change_message": "", "user": 1, "content_type": 4}}, {"pk": 12, "model": "admin.logentry", "fields": {"action_flag": 3, "action_time": "2014-01-13T07:29:06.540Z", "object_repr": "test20", "object_id": "33", "change_message": "", "user": 1, "content_type": 4}}, {"pk": 13, "model": "admin.logentry", "fields": {"action_flag": 3, "action_time": "2014-01-13T07:29:06.544Z", "object_repr": "test21", "object_id": "34", "change_message": "", "user": 1, "content_type": 4}}, {"pk": 14, "model": "admin.logentry", "fields": {"action_flag": 3, "action_time": "2014-01-13T07:29:06.548Z", "object_repr": "test22", "object_id": "35", "change_message": "", "user": 1, "content_type": 4}}, {"pk": 15, "model": "admin.logentry", "fields": {"action_flag": 3, "action_time": "2014-01-13T07:29:06.552Z", "object_repr": "test23", "object_id": "36", "change_message": "", "user": 1, "content_type": 4}}, {"pk": 16, "model": "admin.logentry", "fields": {"action_flag": 3, "action_time": "2014-01-13T07:29:06.557Z", "object_repr": "test24", "object_id": "37", "change_message": "", "user": 1, "content_type": 4}}, {"pk": 17, "model": "admin.logentry", "fields": {"action_flag": 3, "action_time": "2014-01-13T07:29:06.560Z", "object_repr": "test25", "object_id": "38", "change_message": "", "user": 1, "content_type": 4}}, {"pk": 18, "model": "admin.logentry", "fields": {"action_flag": 3, "action_time": "2014-01-13T07:29:06.565Z", "object_repr": "test26", "object_id": "39", "change_message": "", "user": 1, "content_type": 4}}, {"pk": 19, "model": "admin.logentry", "fields": {"action_flag": 3, "action_time": "2014-01-13T07:29:06.569Z", "object_repr": "test27", "object_id": "40", "change_message": "", "user": 1, "content_type": 4}}, {"pk": 20, "model": "admin.logentry", "fields": {"action_flag": 3, "action_time": "2014-01-13T07:29:06.573Z", "object_repr": "test28", "object_id": "41", "change_message": "", "user": 1, "content_type": 4}}, {"pk": 21, "model": "admin.logentry", "fields": {"action_flag": 3, "action_time": "2014-01-13T07:29:06.577Z", "object_repr": "test29", "object_id": "42", "change_message": "", "user": 1, "content_type": 4}}, {"pk": 22, "model": "admin.logentry", "fields": {"action_flag": 3, "action_time": "2014-01-13T07:29:06.582Z", "object_repr": "test30", "object_id": "43", "change_message": "", "user": 1, "content_type": 4}}, {"pk": 23, "model": "admin.logentry", "fields": {"action_flag": 3, "action_time": "2014-01-13T07:29:06.586Z", "object_repr": "test31", "object_id": "44", "change_message": "", "user": 1, "content_type": 4}}, {"pk": 24, "model": "admin.logentry", "fields": {"action_flag": 3, "action_time": "2014-01-13T07:29:06.590Z", "object_repr": "test32", "object_id": "45", "change_message": "", "user": 1, "content_type": 4}}, {"pk": 25, "model": "admin.logentry", "fields": {"action_flag": 3, "action_time": "2014-01-13T07:29:06.594Z", "object_repr": "test4", "object_id": "15", "change_message": "", "user": 1, "content_type": 4}}, {"pk": 26, "model": "admin.logentry", "fields": {"action_flag": 3, "action_time": "2014-01-13T07:29:06.599Z", "object_repr": "test5", "object_id": "16", "change_message": "", "user": 1, "content_type": 4}}, {"pk": 27, "model": "admin.logentry", "fields": {"action_flag": 3, "action_time": "2014-01-13T07:29:06.603Z", "object_repr": "test6", "object_id": "18", "change_message": "", "user": 1, "content_type": 4}}, {"pk": 28, "model": "admin.logentry", "fields": {"action_flag": 3, "action_time": "2014-01-13T07:29:06.607Z", "object_repr": "test7", "object_id": "19", "change_message": "", "user": 1, "content_type": 4}}, {"pk": 29, "model": "admin.logentry", "fields": {"action_flag": 3, "action_time": "2014-01-13T07:29:06.611Z", "object_repr": "test8", "object_id": "20", "change_message": "", "user": 1, "content_type": 4}}, {"pk": 30, "model": "admin.logentry", "fields": {"action_flag": 3, "action_time": "2014-01-13T07:29:06.615Z", "object_repr": "test9", "object_id": "21", "change_message": "", "user": 1, "content_type": 4}}, {"pk": 31, "model": "admin.logentry", "fields": {"action_flag": 2, "action_time": "2014-01-15T21:10:18.443Z", "object_repr": "oriM", "object_id": "14", "change_message": "username, first_name, last_name \u05d5 email \u05e9\u05d5\u05e0\u05d4.", "user": 3, "content_type": 4}}, {"pk": 32, "model": "admin.logentry", "fields": {"action_flag": 1, "action_time": "2014-01-15T21:21:23.446Z", "object_repr": "AmirK", "object_id": "35", "change_message": "", "user": 3, "content_type": 4}}, {"pk": 33, "model": "admin.logentry", "fields": {"action_flag": 2, "action_time": "2014-01-15T21:23:14.387Z", "object_repr": "AmirK", "object_id": "35", "change_message": "first_name, last_name \u05d5 email \u05e9\u05d5\u05e0\u05d4.", "user": 3, "content_type": 4}}, {"pk": 34, "model": "admin.logentry", "fields": {"action_flag": 2, "action_time": "2014-01-27T13:13:39.029Z", "object_repr": "Michael", "object_id": "6", "change_message": "email \u05e9\u05d5\u05e0\u05d4.", "user": 3, "content_type": 4}}, {"pk": 35, "model": "admin.logentry", "fields": {"action_flag": 2, "action_time": "2014-01-29T08:30:21.412Z", "object_repr": "ArielA", "object_id": "43", "change_message": "username \u05e9\u05d5\u05e0\u05d4.", "user": 3, "content_type": 4}}, {"pk": 36, "model": "admin.logentry", "fields": {"action_flag": 2, "action_time": "2014-02-03T10:49:34.256Z", "object_repr": "AmirK", "object_id": "35", "change_message": "email \u05e9\u05d5\u05e0\u05d4.", "user": 3, "content_type": 4}}, {"pk": 37, "model": "admin.logentry", "fields": {"action_flag": 1, "action_time": "2014-02-03T10:50:50.800Z", "object_repr": "zuzu", "object_id": "46", "change_message": "", "user": 3, "content_type": 4}}, {"pk": 38, "model": "admin.logentry", "fields": {"action_flag": 2, "action_time": "2014-02-03T10:53:03.545Z", "object_repr": "zuzu", "object_id": "46", "change_message": "first_name, last_name \u05d5 email \u05e9\u05d5\u05e0\u05d4.", "user": 3, "content_type": 4}}]