[{"pk": 1, "model": "contenttypes.contenttype", "fields": {"model": "logentry", "name": "log entry", "app_label": "admin"}}, {"pk": 2, "model": "contenttypes.contenttype", "fields": {"model": "permission", "name": "permission", "app_label": "auth"}}, {"pk": 3, "model": "contenttypes.contenttype", "fields": {"model": "group", "name": "group", "app_label": "auth"}}, {"pk": 4, "model": "contenttypes.contenttype", "fields": {"model": "user", "name": "user", "app_label": "auth"}}, {"pk": 5, "model": "contenttypes.contenttype", "fields": {"model": "contenttype", "name": "content type", "app_label": "contenttypes"}}, {"pk": 6, "model": "contenttypes.contenttype", "fields": {"model": "session", "name": "session", "app_label": "sessions"}}, {"pk": 7, "model": "contenttypes.contenttype", "fields": {"model": "migrationhistory", "name": "migration history", "app_label": "south"}}, {"pk": 8, "model": "contenttypes.contenttype", "fields": {"model": "discussion", "name": "discussion", "app_label": "coplay"}}, {"pk": 9, "model": "contenttypes.contenttype", "fields": {"model": "feedback", "name": "feedback", "app_label": "coplay"}}, {"pk": 10, "model": "contenttypes.contenttype", "fields": {"model": "decision", "name": "decision", "app_label": "coplay"}}, {"pk": 11, "model": "contenttypes.contenttype", "fields": {"model": "vote", "name": "vote", "app_label": "coplay"}}, {"pk": 12, "model": "contenttypes.contenttype", "fields": {"model": "task", "name": "task", "app_label": "coplay"}}, {"pk": "1ku4znmsz9cgo4t4qzhjkgrnjcmdqk4m", "model": "sessions.session", "fields": {"expire_date": "2014-01-26T14:16:11.621Z", "session_data": "NjgzMGRmMjIzNmIzYTQ0ZGNjYzY4YWE2YTE3NGViNjViM2ViYjY4ZDp7fQ=="}}, {"pk": "5o46xbfnrt6z7n1fg5lbqb82pfv1o67u", "model": "sessions.session", "fields": {"expire_date": "2014-01-26T12:32:21.426Z", "session_data": "NjgzMGRmMjIzNmIzYTQ0ZGNjYzY4YWE2YTE3NGViNjViM2ViYjY4ZDp7fQ=="}}, {"pk": "6bapdkxt4tk084gcqw6os0h7px6ffho6", "model": "sessions.session", "fields": {"expire_date": "2014-01-26T14:06:56.982Z", "session_data": "NjgzMGRmMjIzNmIzYTQ0ZGNjYzY4YWE2YTE3NGViNjViM2ViYjY4ZDp7fQ=="}}, {"pk": "7t7xxcwc860t9p7crhutm8o8mke091aq", "model": "sessions.session", "fields": {"expire_date": "2014-01-26T15:30:22.619Z", "session_data": "NjgzMGRmMjIzNmIzYTQ0ZGNjYzY4YWE2YTE3NGViNjViM2ViYjY4ZDp7fQ=="}}, {"pk": "90v2pkoj2y8r7devy0ag4p9suaw1n9v3", "model": "sessions.session", "fields": {"expire_date": "2014-01-26T13:19:42.608Z", "session_data": "NjgzMGRmMjIzNmIzYTQ0ZGNjYzY4YWE2YTE3NGViNjViM2ViYjY4ZDp7fQ=="}}, {"pk": "hh3p5dfrh3lezn9oz45se3v7ar509p12", "model": "sessions.session", "fields": {"expire_date": "2014-01-26T14:06:01.467Z", "session_data": "NjgzMGRmMjIzNmIzYTQ0ZGNjYzY4YWE2YTE3NGViNjViM2ViYjY4ZDp7fQ=="}}, {"pk": "hr7iwn3uusmnse5keca8ehlj7gukgs76", "model": "sessions.session", "fields": {"expire_date": "2014-01-26T15:36:56.323Z", "session_data": "NjgzMGRmMjIzNmIzYTQ0ZGNjYzY4YWE2YTE3NGViNjViM2ViYjY4ZDp7fQ=="}}, {"pk": "in8jq8k3e719ip9tzukmfm0lr34a028k", "model": "sessions.session", "fields": {"expire_date": "2014-01-26T11:59:34.927Z", "session_data": "NGE1ZWFjMjg1NmFkZGJjYjAxNmI2MTY2NWQwOWU2ZmI3ODQ1ZTE4ZTp7Il9hdXRoX3VzZXJfYmFja2VuZCI6ImRqYW5nby5jb250cmliLmF1dGguYmFja2VuZHMuTW9kZWxCYWNrZW5kIiwiX2F1dGhfdXNlcl9pZCI6Mjh9"}}, {"pk": "lqvfsimkiwe8s8bd5qg0vx9b2wp56dnz", "model": "sessions.session", "fields": {"expire_date": "2014-01-25T09:03:17.215Z", "session_data": "NTFkMDdjYTNiZWEzNDEwMjViOTg0NmNhMzk2ZjgxOTI3YzE1MmVkMzp7Il9hdXRoX3VzZXJfYmFja2VuZCI6ImRqYW5nby5jb250cmliLmF1dGguYmFja2VuZHMuTW9kZWxCYWNrZW5kIiwiX2F1dGhfdXNlcl9pZCI6M30="}}, {"pk": "mx66d61xcrfe15extqjm26uh2a6ole0y", "model": "sessions.session", "fields": {"expire_date": "2014-01-26T15:22:47.259Z", "session_data": "NjgzMGRmMjIzNmIzYTQ0ZGNjYzY4YWE2YTE3NGViNjViM2ViYjY4ZDp7fQ=="}}, {"pk": "nq09sjrfm9wi7kfqbmhnc11kysn0y8at", "model": "sessions.session", "fields": {"expire_date": "2014-01-26T14:15:34.064Z", "session_data": "NjgzMGRmMjIzNmIzYTQ0ZGNjYzY4YWE2YTE3NGViNjViM2ViYjY4ZDp7fQ=="}}, {"pk": "qhbwwqcd6r094kdxrjytv10nqbnzo59r", "model": "sessions.session", "fields": {"expire_date": "2014-01-25T08:57:33.004Z", "session_data": "ZjIwNDY0ZmYxNzUzMmM2MWI4NmY2YmFiZTY0NWMwMmNhNGQ2Y2M3OTp7Il9hdXRoX3VzZXJfYmFja2VuZCI6ImRqYW5nby5jb250cmliLmF1dGguYmFja2VuZHMuTW9kZWxCYWNrZW5kIiwiX2F1dGhfdXNlcl9pZCI6MTR9"}}, {"pk": "saw2r96sujwu75aldu60bh5k6wufabo5", "model": "sessions.session", "fields": {"expire_date": "2014-01-26T14:18:36.336Z", "session_data": "NjgzMGRmMjIzNmIzYTQ0ZGNjYzY4YWE2YTE3NGViNjViM2ViYjY4ZDp7fQ=="}}, {"pk": "v18zjgo5148khs9zaf78vsc6cv1hf9c6", "model": "sessions.session", "fields": {"expire_date": "2014-01-26T10:13:59.367Z", "session_data": "NjgzMGRmMjIzNmIzYTQ0ZGNjYzY4YWE2YTE3NGViNjViM2ViYjY4ZDp7fQ=="}}, {"pk": "xhrg9hyiqnumqa41du0v0rnce3vp7sum", "model": "sessions.session", "fields": {"expire_date": "2014-01-27T09:53:09.594Z", "session_data": "NTFkMDdjYTNiZWEzNDEwMjViOTg0NmNhMzk2ZjgxOTI3YzE1MmVkMzp7Il9hdXRoX3VzZXJfYmFja2VuZCI6ImRqYW5nby5jb250cmliLmF1dGguYmFja2VuZHMuTW9kZWxCYWNrZW5kIiwiX2F1dGhfdXNlcl9pZCI6M30="}}, {"pk": "ycvpbcl8zdvqr0henke5e0iq3hxcsa32", "model": "sessions.session", "fields": {"expire_date": "2014-01-26T14:15:02.506Z", "session_data": "NjgzMGRmMjIzNmIzYTQ0ZGNjYzY4YWE2YTE3NGViNjViM2ViYjY4ZDp7fQ=="}}, {"pk": 1, "model": "south.migrationhistory", "fields": {"applied": "2014-01-09T19:32:06.480Z", "app_name": "django_extensions", "migration": "0001_empty"}}, {"pk": 2, "model": "south.migrationhistory", "fields": {"applied": "2014-01-09T19:32:07.295Z", "app_name": "coplay", "migration": "0001_initial"}}, {"pk": 1, "model": "coplay.decision", "fields": {"content": "eat krembo from top", "value": 19, "created_at": "2014-01-06T00:37:41.784Z", "updated_at": "2014-01-06T14:27:07.133Z", "parent": 1}}, {"pk": 2, "model": "coplay.decision", "fields": {"content": "from buttom", "value": 9, "created_at": "2014-01-06T00:37:50.801Z", "updated_at": "2014-01-06T01:01:04.775Z", "parent": 1}}, {"pk": 3, "model": "coplay.decision", "fields": {"content": "translate to hebrew", "value": 1, "created_at": "2014-01-06T07:59:32.163Z", "updated_at": "2014-01-06T09:36:20.443Z", "parent": 2}}, {"pk": 4, "model": "coplay.decision", "fields": {"content": "deploy to heroku", "value": 0, "created_at": "2014-01-06T08:09:52.305Z", "updated_at": "2014-01-06T08:09:52.305Z", "parent": 2}}, {"pk": 5, "model": "coplay.decision", "fields": {"content": "search for items by user, date, etc", "value": 0, "created_at": "2014-01-06T08:10:42.399Z", "updated_at": "2014-01-06T08:10:42.399Z", "parent": 2}}, {"pk": 6, "model": "coplay.decision", "fields": {"content": "add users database info", "value": 0, "created_at": "2014-01-06T08:11:14.725Z", "updated_at": "2014-01-06T08:11:14.725Z", "parent": 2}}, {"pk": 7, "model": "coplay.decision", "fields": {"content": "ass south support", "value": 0, "created_at": "2014-01-06T08:17:51.675Z", "updated_at": "2014-01-06T08:17:51.675Z", "parent": 2}}, {"pk": 8, "model": "coplay.decision", "fields": {"content": "do an ajax ui", "value": 0, "created_at": "2014-01-06T09:34:47.810Z", "updated_at": "2014-01-06T09:34:47.810Z", "parent": 2}}, {"pk": 9, "model": "coplay.decision", "fields": {"content": "an angular ui", "value": 5, "created_at": "2014-01-06T09:44:28.125Z", "updated_at": "2014-01-08T09:48:59.956Z", "parent": 2}}, {"pk": 10, "model": "coplay.decision", "fields": {"content": "google analytics. mark an eventfrom javascript.", "value": 3, "created_at": "2014-01-06T09:47:16.281Z", "updated_at": "2014-01-06T18:01:34.008Z", "parent": 2}}, {"pk": 11, "model": "coplay.decision", "fields": {"content": "database for views", "value": 19, "created_at": "2014-01-06T09:48:07.113Z", "updated_at": "2014-01-11T09:09:32.658Z", "parent": 2}}, {"pk": 1, "model": "auth.permission", "fields": {"codename": "add_logentry", "name": "Can add log entry", "content_type": 1}}, {"pk": 2, "model": "auth.permission", "fields": {"codename": "change_logentry", "name": "Can change log entry", "content_type": 1}}, {"pk": 3, "model": "auth.permission", "fields": {"codename": "delete_logentry", "name": "Can delete log entry", "content_type": 1}}, {"pk": 4, "model": "auth.permission", "fields": {"codename": "add_permission", "name": "Can add permission", "content_type": 2}}, {"pk": 5, "model": "auth.permission", "fields": {"codename": "change_permission", "name": "Can change permission", "content_type": 2}}, {"pk": 6, "model": "auth.permission", "fields": {"codename": "delete_permission", "name": "Can delete permission", "content_type": 2}}, {"pk": 7, "model": "auth.permission", "fields": {"codename": "add_group", "name": "Can add group", "content_type": 3}}, {"pk": 8, "model": "auth.permission", "fields": {"codename": "change_group", "name": "Can change group", "content_type": 3}}, {"pk": 9, "model": "auth.permission", "fields": {"codename": "delete_group", "name": "Can delete group", "content_type": 3}}, {"pk": 10, "model": "auth.permission", "fields": {"codename": "add_user", "name": "Can add user", "content_type": 4}}, {"pk": 11, "model": "auth.permission", "fields": {"codename": "change_user", "name": "Can change user", "content_type": 4}}, {"pk": 12, "model": "auth.permission", "fields": {"codename": "delete_user", "name": "Can delete user", "content_type": 4}}, {"pk": 13, "model": "auth.permission", "fields": {"codename": "add_contenttype", "name": "Can add content type", "content_type": 5}}, {"pk": 14, "model": "auth.permission", "fields": {"codename": "change_contenttype", "name": "Can change content type", "content_type": 5}}, {"pk": 15, "model": "auth.permission", "fields": {"codename": "delete_contenttype", "name": "Can delete content type", "content_type": 5}}, {"pk": 16, "model": "auth.permission", "fields": {"codename": "add_session", "name": "Can add session", "content_type": 6}}, {"pk": 17, "model": "auth.permission", "fields": {"codename": "change_session", "name": "Can change session", "content_type": 6}}, {"pk": 18, "model": "auth.permission", "fields": {"codename": "delete_session", "name": "Can delete session", "content_type": 6}}, {"pk": 19, "model": "auth.permission", "fields": {"codename": "add_discussion", "name": "Can add discussion", "content_type": 7}}, {"pk": 20, "model": "auth.permission", "fields": {"codename": "change_discussion", "name": "Can change discussion", "content_type": 7}}, {"pk": 21, "model": "auth.permission", "fields": {"codename": "delete_discussion", "name": "Can delete discussion", "content_type": 7}}, {"pk": 22, "model": "auth.permission", "fields": {"codename": "add_feedback", "name": "Can add feedback", "content_type": 8}}, {"pk": 23, "model": "auth.permission", "fields": {"codename": "change_feedback", "name": "Can change feedback", "content_type": 8}}, {"pk": 24, "model": "auth.permission", "fields": {"codename": "delete_feedback", "name": "Can delete feedback", "content_type": 8}}, {"pk": 25, "model": "auth.permission", "fields": {"codename": "add_decision", "name": "Can add decision", "content_type": 9}}, {"pk": 26, "model": "auth.permission", "fields": {"codename": "change_decision", "name": "Can change decision", "content_type": 9}}, {"pk": 27, "model": "auth.permission", "fields": {"codename": "delete_decision", "name": "Can delete decision", "content_type": 9}}, {"pk": 28, "model": "auth.permission", "fields": {"codename": "add_vote", "name": "Can add vote", "content_type": 10}}, {"pk": 29, "model": "auth.permission", "fields": {"codename": "change_vote", "name": "Can change vote", "content_type": 10}}, {"pk": 30, "model": "auth.permission", "fields": {"codename": "delete_vote", "name": "Can delete vote", "content_type": 10}}, {"pk": 31, "model": "auth.permission", "fields": {"codename": "add_task", "name": "Can add task", "content_type": 11}}, {"pk": 32, "model": "auth.permission", "fields": {"codename": "change_task", "name": "Can change task", "content_type": 11}}, {"pk": 33, "model": "auth.permission", "fields": {"codename": "delete_task", "name": "Can delete task", "content_type": 11}}, {"pk": 34, "model": "auth.permission", "fields": {"codename": "add_migrationhistory", "name": "Can add migration history", "content_type": 12}}, {"pk": 35, "model": "auth.permission", "fields": {"codename": "change_migrationhistory", "name": "Can change migration history", "content_type": 12}}, {"pk": 36, "model": "auth.permission", "fields": {"codename": "delete_migrationhistory", "name": "Can delete migration history", "content_type": 12}}, {"pk": 1, "model": "auth.user", "fields": {"username": "admin", "first_name": "", "last_name": "", "is_active": true, "is_superuser": true, "is_staff": true, "last_login": "2014-01-13T08:25:05.111Z", "groups": [], "user_permissions": [], "password": "pbkdf2_sha256$12000$fZDPjOWtHwGL$yVOS+93t2MXNSuBeSrNEhQN6t4rPWVPoClfMGFbvdK4=", "email": "tzahimanmobile@gmail.com", "date_joined": "2014-01-06T00:34:27.553Z"}}, {"pk": 2, "model": "auth.user", "fields": {"username": "hagai", "first_name": "", "last_name": "", "is_active": true, "is_superuser": false, "is_staff": false, "last_login": "2014-01-06T17:45:21.802Z", "groups": [], "user_permissions": [], "password": "pbkdf2_sha256$12000$5ilDcPDjllZw$grJT78ZmrHvDJSz4MbO8B1kXD1DOEnvhc6F0eKslr/E=", "email": "", "date_joined": "2014-01-06T00:40:11.442Z"}}, {"pk": 3, "model": "auth.user", "fields": {"username": "Tzahim", "first_name": "\u05e6\u05d7\u05d9", "last_name": "\u05de\u05e0\u05d9\u05e1\u05d8\u05e8\u05e1\u05e7\u05d9", "is_active": true, "is_superuser": true, "is_staff": true, "last_login": "2014-01-13T09:53:09.591Z", "groups": [], "user_permissions": [1, 2, 3, 7, 8, 9, 4, 5, 6, 10, 11, 12, 13, 14, 15, 28, 29, 30, 22, 23, 24, 25, 26, 27, 34, 35, 36, 31, 32, 33, 16, 17, 18, 19, 20, 21], "password": "pbkdf2_sha256$12000$1DkNwE0QSMdG$1YZKcgF12T/14rx1FteewJYdP5Yz9SXvVaCQjFKBM/E=", "email": "tzahimanmobile@gmail.com", "date_joined": "2014-01-06T00:40:23Z"}}, {"pk": 4, "model": "auth.user", "fields": {"username": "janeta", "first_name": "", "last_name": "", "is_active": true, "is_superuser": false, "is_staff": false, "last_login": "2014-01-06T00:44:38.993Z", "groups": [], "user_permissions": [], "password": "pbkdf2_sha256$12000$uhDZltmLHTrC$Ktk0eOCaQjQszH8728cE/Vsh8MX3EHiJA5BtAtdvJBY=", "email": "", "date_joined": "2014-01-06T00:40:39Z"}}, {"pk": 5, "model": "auth.user", "fields": {"username": "SharonD", "first_name": "", "last_name": "", "is_active": true, "is_superuser": false, "is_staff": false, "last_login": "2014-01-06T18:12:23.753Z", "groups": [], "user_permissions": [], "password": "pbkdf2_sha256$12000$EnZ6YBeD3Be6$Kjc54ryazXXY9poX7SXysHTbOhc3secJEpYJ9IptRKo=", "email": "", "date_joined": "2014-01-06T07:49:38Z"}}, {"pk": 6, "model": "auth.user", "fields": {"username": "Michael", "first_name": "", "last_name": "", "is_active": true, "is_superuser": false, "is_staff": false, "last_login": "2014-01-08T10:25:23.166Z", "groups": [], "user_permissions": [], "password": "pbkdf2_sha256$12000$UVcmn8IsNp3i$ZVvDFfsZpwmcd8zmpuS1TOv7wuyfF/UEoSp09o8F5TY=", "email": "", "date_joined": "2014-01-06T09:55:49.795Z"}}, {"pk": 7, "model": "auth.user", "fields": {"username": "Yuval", "first_name": "", "last_name": "", "is_active": true, "is_superuser": false, "is_staff": false, "last_login": "2014-01-06T09:55:59.465Z", "groups": [], "user_permissions": [], "password": "pbkdf2_sha256$12000$OGbPj1RyMomd$+nfSYJJouLuGwEOUN3tzFm2doZgVhCkb8dlbzB+o/vs=", "email": "", "date_joined": "2014-01-06T09:55:59.465Z"}}, {"pk": 8, "model": "auth.user", "fields": {"username": "Jordan", "first_name": "", "last_name": "", "is_active": true, "is_superuser": false, "is_staff": false, "last_login": "2014-01-13T08:32:17.758Z", "groups": [], "user_permissions": [], "password": "pbkdf2_sha256$12000$xS9cschWgTQ8$rQcmP3XjWE6Yury2wY4GnewD6ofjCMq9wF4cGb4Ytrs=", "email": "", "date_joined": "2014-01-06T09:56:51Z"}}, {"pk": 9, "model": "auth.user", "fields": {"username": "ravid", "first_name": "", "last_name": "", "is_active": true, "is_superuser": false, "is_staff": false, "last_login": "2014-01-06T17:50:26.540Z", "groups": [], "user_permissions": [], "password": "pbkdf2_sha256$12000$TU2d91kCQT4j$RGE8NvitYJ7IWCjdhj8c0tm2uxKvkoXbwlXeHakKXUc=", "email": "", "date_joined": "2014-01-06T17:47:02Z"}}, {"pk": 10, "model": "auth.user", "fields": {"username": "asaf", "first_name": "", "last_name": "", "is_active": true, "is_superuser": false, "is_staff": false, "last_login": "2014-01-06T18:32:41.919Z", "groups": [], "user_permissions": [], "password": "pbkdf2_sha256$12000$PRvF74uoUNpb$+Gi4+Cts+bsQQXIPf/gNJO39fMCF9UBLy4iwh7PrrOg=", "email": "", "date_joined": "2014-01-06T18:32:31Z"}}, {"pk": 11, "model": "auth.user", "fields": {"username": "david", "first_name": "", "last_name": "", "is_active": true, "is_superuser": false, "is_staff": false, "last_login": "2014-01-06T18:46:51.810Z", "groups": [], "user_permissions": [], "password": "pbkdf2_sha256$12000$q39wEQv6kucn$IdYzOxOFaIO0X+FHyGttDN1dwnunFlwnyRo9kLbVTcY=", "email": "", "date_joined": "2014-01-06T18:42:41Z"}}, {"pk": 13, "model": "auth.user", "fields": {"username": "polina", "first_name": "polina", "last_name": "sklyarevsky", "is_active": true, "is_superuser": false, "is_staff": false, "last_login": "2014-01-09T10:37:37.296Z", "groups": [], "user_permissions": [], "password": "pbkdf2_sha256$12000$V6HRKUjVbGxr$sK+E0b3Rvx8ihx6f1oeIx7XLOOEjIGwK70XIuFCNZP8=", "email": "polina@hasadna.org.il", "date_joined": "2014-01-09T10:37:20.838Z"}}, {"pk": 14, "model": "auth.user", "fields": {"username": "ori 1235", "first_name": "ori", "last_name": "Manistersky", "is_active": true, "is_superuser": false, "is_staff": false, "last_login": "2014-01-11T08:57:33.001Z", "groups": [], "user_permissions": [], "password": "pbkdf2_sha256$12000$bdr31vrOFEfs$uocVp8HdC0fIXaUQX40TGTKXrPraKk0fWnPSeuWMpKU=", "email": "omanist346@gmail.com", "date_joined": "2014-01-11T08:52:13.348Z"}}, {"pk": 28, "model": "auth.user", "fields": {"username": "mbracha", "first_name": "", "last_name": "", "is_active": true, "is_superuser": false, "is_staff": false, "last_login": "2014-01-12T11:59:34.924Z", "groups": [], "user_permissions": [], "password": "pbkdf2_sha256$12000$N9Skez6TgYBb$/U5YUMZP6LafZJE/gtoeJ6Ttpcs45v2MQM7d3OgpZjg=", "email": "mbracha@gmail.com", "date_joined": "2014-01-12T11:58:54.901Z"}}, {"pk": 1, "model": "coplay.discussion", "fields": {"owner": 1, "created_at": "2014-01-06T00:37:08.603Z", "description": "no, to mars", "updated_at": "2014-01-06T00:53:27.574Z", "title": "my discussion"}}, {"pk": 2, "model": "coplay.discussion", "fields": {"owner": 3, "created_at": "2014-01-06T07:52:45.188Z", "description": "\u05d0\u05e0\u05d9 \u05e8\u05d5\u05e6\u05d4 \u05dc\u05d4\u05e2\u05dc\u05d5\u05ea \u05dc\u05e8\u05e9\u05ea \u05d0\u05ea www.kuterless.org.il  \u05dc\u05e9\u05dd \u05db\u05da \u05d0\u05e0\u05d9 \u05e6\u05e8\u05d9\u05da \u05e2\u05d6\u05e8\u05d4 \u05d1:\r\n1) \u05d4\u05e2\u05dc\u05d0\u05ea \u05d4\u05d0\u05ea\u05e8 \u05dc\u05e9\u05e8\u05ea \r\n2) \u05d1\u05d3\u05d9\u05e7\u05d4 \u05e9\u05dc \u05d4\u05d0\u05ea\u05e8\r\n3) \u05d4\u05e2\u05dc\u05d0\u05ea \u05ea\u05db\u05d5\u05e0\u05d5\u05ea \u05d5\u05ea\u05d9\u05e7\u05d5\u05e0\u05d9\u05dd \u05e0\u05d3\u05e8\u05e9\u05d9\u05dd\r\n4) \u05d4\u05e6\u05d1\u05e2\u05d4 \u05e2\u05dc \u05de\u05d4 \u05d4\u05db\u05d9 \u05d7\u05e9\u05d5\u05d1", "updated_at": "2014-01-12T07:23:01.900Z", "title": "coplay over internet development"}}, {"pk": 3, "model": "coplay.discussion", "fields": {"owner": 2, "created_at": "2014-01-06T18:55:14.708Z", "description": "list of requrments to the Kuterless application.\r\nplease add your suggestion  for requirements. ", "updated_at": "2014-01-06T18:55:14.709Z", "title": "requirments to add"}}, {"pk": 4, "model": "coplay.discussion", "fields": {"owner": 2, "created_at": "2014-01-06T18:55:14.711Z", "description": "list of requrments to the Kuterless application.\r\nplease add your suggestion  for requirements. ", "updated_at": "2014-01-06T18:55:14.711Z", "title": "requirments to add"}}, {"pk": 5, "model": "coplay.discussion", "fields": {"owner": 2, "created_at": "2014-01-06T18:55:19.143Z", "description": "list of requrments to the Kuterless application.\r\nplease add your suggestion  for requirements. ", "updated_at": "2014-01-06T18:55:19.143Z", "title": "requirments to add"}}, {"pk": 6, "model": "coplay.discussion", "fields": {"owner": 3, "created_at": "2014-01-09T16:04:56.348Z", "description": "asdasdsa", "updated_at": "2014-01-09T16:04:56.348Z", "title": "asdasd"}}, {"pk": 1, "model": "coplay.feedback", "fields": {"created_at": "2014-01-06T00:42:41.224Z", "updated_at": "2014-01-06T00:42:41.224Z", "content": "very good", "user": 3, "feedbabk_type": 1, "discussion": 1}}, {"pk": 2, "model": "coplay.feedback", "fields": {"created_at": "2014-01-06T00:42:56.285Z", "updated_at": "2014-01-06T00:42:56.285Z", "content": "i can help", "user": 3, "feedbabk_type": 2, "discussion": 1}}, {"pk": 3, "model": "coplay.feedback", "fields": {"created_at": "2014-01-06T00:43:18.326Z", "updated_at": "2014-01-06T00:43:18.326Z", "content": "you are not clear", "user": 3, "feedbabk_type": 3, "discussion": 1}}, {"pk": 4, "model": "coplay.feedback", "fields": {"created_at": "2014-01-06T00:45:35.638Z", "updated_at": "2014-01-06T00:45:35.638Z", "content": "this is my advice", "user": 4, "feedbabk_type": 4, "discussion": 1}}, {"pk": 5, "model": "coplay.feedback", "fields": {"created_at": "2014-01-06T00:52:57.657Z", "updated_at": "2014-01-06T00:52:57.658Z", "content": "i also like it", "user": 2, "feedbabk_type": 1, "discussion": 1}}, {"pk": 6, "model": "coplay.feedback", "fields": {"created_at": "2014-01-06T07:57:31.912Z", "updated_at": "2014-01-06T07:57:31.912Z", "content": "Translate into hebrew", "user": 5, "feedbabk_type": 4, "discussion": 2}}, {"pk": 7, "model": "coplay.feedback", "fields": {"created_at": "2014-01-06T08:05:31.359Z", "updated_at": "2014-01-06T08:05:31.360Z", "content": "great idea", "user": 5, "feedbabk_type": 1, "discussion": 2}}, {"pk": 8, "model": "coplay.feedback", "fields": {"created_at": "2014-01-06T08:22:39.125Z", "updated_at": "2014-01-06T08:22:39.125Z", "content": "make a better design", "user": 5, "feedbabk_type": 3, "discussion": 2}}, {"pk": 9, "model": "coplay.feedback", "fields": {"created_at": "2014-01-06T09:24:22.394Z", "updated_at": "2014-01-06T09:24:22.394Z", "content": "\u05e9\u05d9\u05ea\u05d5\u05e3 \u05e4\u05e2\u05d5\u05dc\u05d4", "user": 5, "feedbabk_type": 2, "discussion": 2}}, {"pk": 10, "model": "coplay.feedback", "fields": {"created_at": "2014-01-06T09:37:06.086Z", "updated_at": "2014-01-06T09:37:06.086Z", "content": "good job", "user": 5, "feedbabk_type": 1, "discussion": 2}}, {"pk": 11, "model": "coplay.feedback", "fields": {"created_at": "2014-01-06T13:25:55.308Z", "updated_at": "2014-01-06T13:25:55.308Z", "content": "very good :)", "user": 5, "feedbabk_type": 1, "discussion": 2}}, {"pk": 12, "model": "coplay.feedback", "fields": {"created_at": "2014-01-06T14:26:17.366Z", "updated_at": "2014-01-06T14:26:17.366Z", "content": "i can help", "user": 5, "feedbabk_type": 2, "discussion": 1}}, {"pk": 13, "model": "coplay.feedback", "fields": {"created_at": "2014-01-06T17:58:11.234Z", "updated_at": "2014-01-06T17:58:11.234Z", "content": "very good", "user": 2, "feedbabk_type": 1, "discussion": 2}}, {"pk": 14, "model": "coplay.feedback", "fields": {"created_at": "2014-01-06T18:54:21.211Z", "updated_at": "2014-01-06T18:54:21.211Z", "content": "well done", "user": 10, "feedbabk_type": 1, "discussion": 2}}, {"pk": 15, "model": "coplay.feedback", "fields": {"created_at": "2014-01-08T09:39:58.328Z", "updated_at": "2014-01-08T09:39:58.328Z", "content": "I will help you :) ", "user": 6, "feedbabk_type": 1, "discussion": 2}}, {"pk": 16, "model": "coplay.feedback", "fields": {"created_at": "2014-01-11T09:02:05.439Z", "updated_at": "2014-01-11T09:02:05.439Z", "content": "\u05db\u05dc \u05d4\u05db\u05d1\u05d5\u05d3 \u05e9\u05d0\u05ea\u05d4 \u05de\u05e0\u05e1\u05d4 \u05dc\u05d4\u05d5\u05e6\u05d9\u05d0 \u05d0\u05ea\u05e8 \u05dc\u05e4\u05d5\u05e2\u05dc", "user": 14, "feedbabk_type": 1, "discussion": 2}}, {"pk": 17, "model": "coplay.feedback", "fields": {"created_at": "2014-01-11T09:03:38.998Z", "updated_at": "2014-01-11T09:03:38.998Z", "content": "\u05d0\u05e0\u05d9 \u05de\u05de\u05dc\u05d9\u05e5 \u05dc\u05da \u05dc\u05d4\u05d9\u05e2\u05d6\u05e8 \u05d1\u05d0\u05e0\u05e9\u05d9\u05dd \u05d5\u05dc\u05d0 \u05dc\u05d4\u05e8\u05d9\u05dd \u05d0\u05ea \u05d4\u05d0\u05ea\u05e8 \u05dc\u05d1\u05d3 ", "user": 14, "feedbabk_type": 3, "discussion": 2}}, {"pk": 18, "model": "coplay.feedback", "fields": {"created_at": "2014-01-12T21:50:20.293Z", "updated_at": "2014-01-12T21:50:20.293Z", "content": "\u05d1\u05d3\u05e3 \u05d4\u05e4\u05ea\u05d9\u05d7\u05d4 \u05db\u05d3\u05d0\u05d9 \u05dc\u05e2\u05e9\u05d5\u05ea \u05ea\u05e8\u05e9\u05d9\u05dd\u05d6\u05e8\u05d9\u05de\u05d4 \u05d9\u05d3\u05d9\u05d3\u05d5\u05ea\u05d9 \u05d4\u05de\u05e1\u05d1\u05d9\u05e8 \u05d0\u05ea \u05de\u05d4\u05dc\u05db\u05d9 \u05d5\u05e9\u05dc\u05d1\u05d9 \u05d4\u05de\u05e9\u05d7\u05e7", "user": 1, "feedbabk_type": 4, "discussion": 2}}, {"pk": 19, "model": "coplay.feedback", "fields": {"created_at": "2014-01-12T21:55:32.777Z", "updated_at": "2014-01-12T21:55:32.777Z", "content": "\u05db\u05dc \u05d4\u05db\u05d1\u05d5\u05d3 \u05d5\u05d1\u05d4\u05e6\u05dc\u05d7\u05d4 . \u05e0\u05e9\u05d9\u05e7\u05d5\u05ea \u05d8\u05dc ", "user": 1, "feedbabk_type": 1, "discussion": 2}}, {"pk": 1, "model": "coplay.vote", "fields": {"voater": 3, "decision": 2, "created_at": "2014-01-06T00:41:56.073Z", "value": 2, "updated_at": "2014-01-06T00:41:56.073Z"}}, {"pk": 2, "model": "coplay.vote", "fields": {"voater": 3, "decision": 1, "created_at": "2014-01-06T00:42:00.824Z", "value": 5, "updated_at": "2014-01-06T00:42:00.824Z"}}, {"pk": 3, "model": "coplay.vote", "fields": {"voater": 4, "decision": 2, "created_at": "2014-01-06T00:44:58.877Z", "value": 2, "updated_at": "2014-01-06T01:01:04.756Z"}}, {"pk": 4, "model": "coplay.vote", "fields": {"voater": 4, "decision": 1, "created_at": "2014-01-06T00:45:07.917Z", "value": 4, "updated_at": "2014-01-06T01:01:16.806Z"}}, {"pk": 5, "model": "coplay.vote", "fields": {"voater": 2, "decision": 2, "created_at": "2014-01-06T00:52:24.588Z", "value": 5, "updated_at": "2014-01-06T01:00:31.178Z"}}, {"pk": 6, "model": "coplay.vote", "fields": {"voater": 2, "decision": 1, "created_at": "2014-01-06T00:52:30.257Z", "value": 5, "updated_at": "2014-01-06T01:00:38.098Z"}}, {"pk": 7, "model": "coplay.vote", "fields": {"voater": 5, "decision": 3, "created_at": "2014-01-06T07:59:46.074Z", "value": 1, "updated_at": "2014-01-06T09:36:20.424Z"}}, {"pk": 8, "model": "coplay.vote", "fields": {"voater": 5, "decision": 11, "created_at": "2014-01-06T13:26:29.795Z", "value": 1, "updated_at": "2014-01-06T13:26:29.795Z"}}, {"pk": 9, "model": "coplay.vote", "fields": {"voater": 5, "decision": 1, "created_at": "2014-01-06T14:27:07.119Z", "value": 5, "updated_at": "2014-01-06T14:27:07.119Z"}}, {"pk": 10, "model": "coplay.vote", "fields": {"voater": 1, "decision": 11, "created_at": "2014-01-06T14:34:22.126Z", "value": 5, "updated_at": "2014-01-06T14:34:22.127Z"}}, {"pk": 11, "model": "coplay.vote", "fields": {"voater": 9, "decision": 11, "created_at": "2014-01-06T17:52:51.781Z", "value": 5, "updated_at": "2014-01-06T17:52:51.781Z"}}, {"pk": 12, "model": "coplay.vote", "fields": {"voater": 2, "decision": 10, "created_at": "2014-01-06T18:01:33.997Z", "value": 3, "updated_at": "2014-01-06T18:01:33.998Z"}}, {"pk": 13, "model": "coplay.vote", "fields": {"voater": 6, "decision": 9, "created_at": "2014-01-08T09:48:59.941Z", "value": 5, "updated_at": "2014-01-08T09:48:59.941Z"}}, {"pk": 14, "model": "coplay.vote", "fields": {"voater": 6, "decision": 11, "created_at": "2014-01-08T10:16:52.746Z", "value": 5, "updated_at": "2014-01-08T10:16:52.747Z"}}, {"pk": 15, "model": "coplay.vote", "fields": {"voater": 14, "decision": 11, "created_at": "2014-01-11T09:09:32.581Z", "value": 3, "updated_at": "2014-01-11T09:09:32.581Z"}}, {"pk": 1, "model": "coplay.task", "fields": {"status": 3, "parent": 1, "target_date": "2014-01-06T01:40:00Z", "created_at": "2014-01-06T00:48:40.364Z", "responsible": 1, "updated_at": "2014-01-06T14:30:02.889Z", "closed_at": null, "goal_description": "a goal", "status_description": "a new status", "closed_by": null}}, {"pk": 2, "model": "coplay.task", "fields": {"status": 2, "parent": 2, "target_date": "2014-01-08T00:00:00Z", "created_at": "2014-01-06T08:00:56.567Z", "responsible": 3, "updated_at": "2014-01-06T08:08:52.465Z", "closed_at": "2014-01-06T08:08:52.464Z", "goal_description": "Add a hebrew support", "status_description": "this is the version with hebrw , please test", "closed_by": 5}}, {"pk": 3, "model": "coplay.task", "fields": {"status": 3, "parent": 2, "target_date": "2014-01-06T08:06:00Z", "created_at": "2014-01-06T08:04:36.382Z", "responsible": 5, "updated_at": "2014-01-06T08:06:48.330Z", "closed_at": null, "goal_description": "shal never achived", "status_description": null, "closed_by": null}}, {"pk": 4, "model": "coplay.task", "fields": {"status": 2, "parent": 2, "target_date": "2014-01-06T22:00:00Z", "created_at": "2014-01-06T08:20:06.293Z", "responsible": 3, "updated_at": "2014-01-06T09:26:37.555Z", "closed_at": "2014-01-06T09:26:37.554Z", "goal_description": "deploy to heroku", "status_description": "maybe late", "closed_by": 5}}, {"pk": 5, "model": "coplay.task", "fields": {"status": 1, "parent": 2, "target_date": "2024-01-02T00:00:00Z", "created_at": "2014-01-06T13:28:06.192Z", "responsible": 5, "updated_at": "2014-01-06T13:28:06.192Z", "closed_at": null, "goal_description": "starting status example", "status_description": null, "closed_by": null}}, {"pk": 6, "model": "coplay.task", "fields": {"status": 3, "parent": 2, "target_date": "2014-01-10T00:00:00Z", "created_at": "2014-01-07T08:57:06.621Z", "responsible": 3, "updated_at": "2014-01-11T08:49:35.143Z", "closed_at": null, "goal_description": "www.kuterless.org.il\r\n\u05d9\u05d5\u05e6\u05d0 \u05dc\u05d3\u05e8\u05da\r\n\r\n\r\n", "status_description": "\u05de\u05d9\u05db\u05d0\u05dc \u05e8\u05e5 \u05e2\u05dd \u05d4\u05d0\u05e0\u05d2\u05d5\u05dc\u05e8", "closed_by": null}}, {"pk": 1, "model": "admin.logentry", "fields": {"action_flag": 3, "action_time": "2014-01-13T07:29:06.100Z", "object_repr": "Test1", "object_id": "12", "change_message": "", "user": 1, "content_type": 4}}, {"pk": 2, "model": "admin.logentry", "fields": {"action_flag": 3, "action_time": "2014-01-13T07:29:06.494Z", "object_repr": "test10", "object_id": "22", "change_message": "", "user": 1, "content_type": 4}}, {"pk": 3, "model": "admin.logentry", "fields": {"action_flag": 3, "action_time": "2014-01-13T07:29:06.500Z", "object_repr": "test11", "object_id": "23", "change_message": "", "user": 1, "content_type": 4}}, {"pk": 4, "model": "admin.logentry", "fields": {"action_flag": 3, "action_time": "2014-01-13T07:29:06.504Z", "object_repr": "test12", "object_id": "24", "change_message": "", "user": 1, "content_type": 4}}, {"pk": 5, "model": "admin.logentry", "fields": {"action_flag": 3, "action_time": "2014-01-13T07:29:06.509Z", "object_repr": "test13", "object_id": "25", "change_message": "", "user": 1, "content_type": 4}}, {"pk": 6, "model": "admin.logentry", "fields": {"action_flag": 3, "action_time": "2014-01-13T07:29:06.513Z", "object_repr": "test14", "object_id": "26", "change_message": "", "user": 1, "content_type": 4}}, {"pk": 7, "model": "admin.logentry", "fields": {"action_flag": 3, "action_time": "2014-01-13T07:29:06.518Z", "object_repr": "test15", "object_id": "27", "change_message": "", "user": 1, "content_type": 4}}, {"pk": 8, "model": "admin.logentry", "fields": {"action_flag": 3, "action_time": "2014-01-13T07:29:06.522Z", "object_repr": "test16", "object_id": "29", "change_message": "", "user": 1, "content_type": 4}}, {"pk": 9, "model": "admin.logentry", "fields": {"action_flag": 3, "action_time": "2014-01-13T07:29:06.527Z", "object_repr": "test17", "object_id": "30", "change_message": "", "user": 1, "content_type": 4}}, {"pk": 10, "model": "admin.logentry", "fields": {"action_flag": 3, "action_time": "2014-01-13T07:29:06.531Z", "object_repr": "test18", "object_id": "31", "change_message": "", "user": 1, "content_type": 4}}, {"pk": 11, "model": "admin.logentry", "fields": {"action_flag": 3, "action_time": "2014-01-13T07:29:06.535Z", "object_repr": "test19", "object_id": "32", "change_message": "", "user": 1, "content_type": 4}}, {"pk": 12, "model": "admin.logentry", "fields": {"action_flag": 3, "action_time": "2014-01-13T07:29:06.540Z", "object_repr": "test20", "object_id": "33", "change_message": "", "user": 1, "content_type": 4}}, {"pk": 13, "model": "admin.logentry", "fields": {"action_flag": 3, "action_time": "2014-01-13T07:29:06.544Z", "object_repr": "test21", "object_id": "34", "change_message": "", "user": 1, "content_type": 4}}, {"pk": 14, "model": "admin.logentry", "fields": {"action_flag": 3, "action_time": "2014-01-13T07:29:06.548Z", "object_repr": "test22", "object_id": "35", "change_message": "", "user": 1, "content_type": 4}}, {"pk": 15, "model": "admin.logentry", "fields": {"action_flag": 3, "action_time": "2014-01-13T07:29:06.552Z", "object_repr": "test23", "object_id": "36", "change_message": "", "user": 1, "content_type": 4}}, {"pk": 16, "model": "admin.logentry", "fields": {"action_flag": 3, "action_time": "2014-01-13T07:29:06.557Z", "object_repr": "test24", "object_id": "37", "change_message": "", "user": 1, "content_type": 4}}, {"pk": 17, "model": "admin.logentry", "fields": {"action_flag": 3, "action_time": "2014-01-13T07:29:06.560Z", "object_repr": "test25", "object_id": "38", "change_message": "", "user": 1, "content_type": 4}}, {"pk": 18, "model": "admin.logentry", "fields": {"action_flag": 3, "action_time": "2014-01-13T07:29:06.565Z", "object_repr": "test26", "object_id": "39", "change_message": "", "user": 1, "content_type": 4}}, {"pk": 19, "model": "admin.logentry", "fields": {"action_flag": 3, "action_time": "2014-01-13T07:29:06.569Z", "object_repr": "test27", "object_id": "40", "change_message": "", "user": 1, "content_type": 4}}, {"pk": 20, "model": "admin.logentry", "fields": {"action_flag": 3, "action_time": "2014-01-13T07:29:06.573Z", "object_repr": "test28", "object_id": "41", "change_message": "", "user": 1, "content_type": 4}}, {"pk": 21, "model": "admin.logentry", "fields": {"action_flag": 3, "action_time": "2014-01-13T07:29:06.577Z", "object_repr": "test29", "object_id": "42", "change_message": "", "user": 1, "content_type": 4}}, {"pk": 22, "model": "admin.logentry", "fields": {"action_flag": 3, "action_time": "2014-01-13T07:29:06.582Z", "object_repr": "test30", "object_id": "43", "change_message": "", "user": 1, "content_type": 4}}, {"pk": 23, "model": "admin.logentry", "fields": {"action_flag": 3, "action_time": "2014-01-13T07:29:06.586Z", "object_repr": "test31", "object_id": "44", "change_message": "", "user": 1, "content_type": 4}}, {"pk": 24, "model": "admin.logentry", "fields": {"action_flag": 3, "action_time": "2014-01-13T07:29:06.590Z", "object_repr": "test32", "object_id": "45", "change_message": "", "user": 1, "content_type": 4}}, {"pk": 25, "model": "admin.logentry", "fields": {"action_flag": 3, "action_time": "2014-01-13T07:29:06.594Z", "object_repr": "test4", "object_id": "15", "change_message": "", "user": 1, "content_type": 4}}, {"pk": 26, "model": "admin.logentry", "fields": {"action_flag": 3, "action_time": "2014-01-13T07:29:06.599Z", "object_repr": "test5", "object_id": "16", "change_message": "", "user": 1, "content_type": 4}}, {"pk": 27, "model": "admin.logentry", "fields": {"action_flag": 3, "action_time": "2014-01-13T07:29:06.603Z", "object_repr": "test6", "object_id": "18", "change_message": "", "user": 1, "content_type": 4}}, {"pk": 28, "model": "admin.logentry", "fields": {"action_flag": 3, "action_time": "2014-01-13T07:29:06.607Z", "object_repr": "test7", "object_id": "19", "change_message": "", "user": 1, "content_type": 4}}, {"pk": 29, "model": "admin.logentry", "fields": {"action_flag": 3, "action_time": "2014-01-13T07:29:06.611Z", "object_repr": "test8", "object_id": "20", "change_message": "", "user": 1, "content_type": 4}}, {"pk": 30, "model": "admin.logentry", "fields": {"action_flag": 3, "action_time": "2014-01-13T07:29:06.615Z", "object_repr": "test9", "object_id": "21", "change_message": "", "user": 1, "content_type": 4}}]